WIDTH=16;
DEPTH=7200;

ADDRESS_RADIX=UNS;
DATA_RADIX=HEX;

CONTENT BEGIN
    0 : 072D;
    1 : 072D;
    2 : 072D;
    3 : 072D;
    4 : 072D;
    5 : 072D;
    6 : 072D;
    7 : 072D;
    8 : 072D;
    9 : 072D;
    10 : 072D;
    11 : 072D;
    12 : 072D;
    13 : 072D;
    14 : 072D;
    15 : 072D;
    16 : 072D;
    17 : 072D;
    18 : 072D;
    19 : 072D;
    20 : 072D;
    21 : 072D;
    22 : 072D;
    23 : 072D;
    24 : 072D;
    25 : 072D;
    26 : 072D;
    27 : 072D;
    28 : 072D;
    29 : 072D;
    30 : 072D;
    31 : 072D;
    32 : 072D;
    33 : 072D;
    34 : 072D;
    35 : 072D;
    36 : 072D;
    37 : 072D;
    38 : 072D;
    39 : 072D;
    40 : 077C;
    41 : 0720;
    42 : 0720;
    43 : 0720;
    44 : 0720;
    45 : 0720;
    46 : 0720;
    47 : 0720;
    48 : 0720;
    49 : 0720;
    50 : 0720;
    51 : 0720;
    52 : 0720;
    53 : 0720;
    54 : 0720;
    55 : 0720;
    56 : 0720;
    57 : 0720;
    58 : 0720;
    59 : 0720;
    60 : 0720;
    61 : 0720;
    62 : 0720;
    63 : 0720;
    64 : 0720;
    65 : 0720;
    66 : 0720;
    67 : 0720;
    68 : 0720;
    69 : 0720;
    70 : 0720;
    71 : 0720;
    72 : 0720;
    73 : 0720;
    74 : 0720;
    75 : 0720;
    76 : 0720;
    77 : 0720;
    78 : 0720;
    79 : 0720;
    80 : 0720;
    81 : 0720;
    82 : 0720;
    83 : 0720;
    84 : 0720;
    85 : 0720;
    86 : 0720;
    87 : 0720;
    88 : 0720;
    89 : 0720;
    90 : 0720;
    91 : 0720;
    92 : 0720;
    93 : 0720;
    94 : 0720;
    95 : 0720;
    96 : 0720;
    97 : 0720;
    98 : 0720;
    99 : 0720;
    100 : 0720;
    101 : 0720;
    102 : 0720;
    103 : 0720;
    104 : 0720;
    105 : 0720;
    106 : 0720;
    107 : 0720;
    108 : 0720;
    109 : 0720;
    110 : 0720;
    111 : 0720;
    112 : 0720;
    113 : 0720;
    114 : 0720;
    115 : 0720;
    116 : 0720;
    117 : 0720;
    118 : 0720;
    119 : 0720;
    120 : 0720;
    121 : 0720;
    122 : 0720;
    123 : 0720;
    124 : 0720;
    125 : 0720;
    126 : 0720;
    127 : 0720;
    128 : 0720;
    129 : 0720;
    130 : 0720;
    131 : 0720;
    132 : 0720;
    133 : 0720;
    134 : 0720;
    135 : 0720;
    136 : 0720;
    137 : 0720;
    138 : 0720;
    139 : 0720;
    140 : 0720;
    141 : 0720;
    142 : 0720;
    143 : 0720;
    144 : 0720;
    145 : 0720;
    146 : 0720;
    147 : 0720;
    148 : 0720;
    149 : 0720;
    150 : 0720;
    151 : 0720;
    152 : 0720;
    153 : 0720;
    154 : 0720;
    155 : 0720;
    156 : 0720;
    157 : 0720;
    158 : 0720;
    159 : 0720;
    160 : 0752;
    161 : 0769;
    162 : 0773;
    163 : 0763;
    164 : 0756;
    165 : 0720;
    166 : 0743;
    167 : 076F;
    168 : 076E;
    169 : 0773;
    170 : 076F;
    171 : 076C;
    172 : 0765;
    173 : 0720;
    174 : 0750;
    175 : 0769;
    176 : 0770;
    177 : 0765;
    178 : 076C;
    179 : 0769;
    180 : 076E;
    181 : 0765;
    182 : 0720;
    183 : 0720;
    184 : 0720;
    185 : 0720;
    186 : 0720;
    187 : 0720;
    188 : 0720;
    189 : 0720;
    190 : 0720;
    191 : 0720;
    192 : 0720;
    193 : 0720;
    194 : 0720;
    195 : 0720;
    196 : 0720;
    197 : 0720;
    198 : 0720;
    199 : 0720;
    200 : 077C;
    201 : 0720;
    202 : 0720;
    203 : 0720;
    204 : 0720;
    205 : 0720;
    206 : 0720;
    207 : 0720;
    208 : 0720;
    209 : 0720;
    210 : 0720;
    211 : 0720;
    212 : 0720;
    213 : 0720;
    214 : 0720;
    215 : 0720;
    216 : 0720;
    217 : 0720;
    218 : 0720;
    219 : 0720;
    220 : 0720;
    221 : 0720;
    222 : 0720;
    223 : 0720;
    224 : 0720;
    225 : 0720;
    226 : 0720;
    227 : 0720;
    228 : 0720;
    229 : 0720;
    230 : 0720;
    231 : 0720;
    232 : 0720;
    233 : 0720;
    234 : 0720;
    235 : 0720;
    236 : 0720;
    237 : 0720;
    238 : 0720;
    239 : 0720;
    240 : 0720;
    241 : 0720;
    242 : 0720;
    243 : 0720;
    244 : 0720;
    245 : 0720;
    246 : 0720;
    247 : 0720;
    248 : 0720;
    249 : 0720;
    250 : 0720;
    251 : 0720;
    252 : 0720;
    253 : 0720;
    254 : 0720;
    255 : 0720;
    256 : 0720;
    257 : 0720;
    258 : 0720;
    259 : 0720;
    260 : 0720;
    261 : 0720;
    262 : 0720;
    263 : 0720;
    264 : 0720;
    265 : 0720;
    266 : 0720;
    267 : 0720;
    268 : 0720;
    269 : 0720;
    270 : 0720;
    271 : 0720;
    272 : 0720;
    273 : 0720;
    274 : 0720;
    275 : 0720;
    276 : 0720;
    277 : 0720;
    278 : 0720;
    279 : 0720;
    280 : 0720;
    281 : 0720;
    282 : 0720;
    283 : 0720;
    284 : 0720;
    285 : 0720;
    286 : 0720;
    287 : 0720;
    288 : 0720;
    289 : 0720;
    290 : 0720;
    291 : 0720;
    292 : 0720;
    293 : 0720;
    294 : 0720;
    295 : 0720;
    296 : 0720;
    297 : 0720;
    298 : 0720;
    299 : 0720;
    300 : 0720;
    301 : 0720;
    302 : 0720;
    303 : 0720;
    304 : 0720;
    305 : 0720;
    306 : 0720;
    307 : 0720;
    308 : 0720;
    309 : 0720;
    310 : 0720;
    311 : 0720;
    312 : 0720;
    313 : 0720;
    314 : 0720;
    315 : 0720;
    316 : 0720;
    317 : 0720;
    318 : 0720;
    319 : 0720;
    320 : 0767;
    321 : 0769;
    322 : 0774;
    323 : 0768;
    324 : 0775;
    325 : 0762;
    326 : 072E;
    327 : 0763;
    328 : 076F;
    329 : 076D;
    330 : 072F;
    331 : 074A;
    332 : 0775;
    333 : 0761;
    334 : 076E;
    335 : 0765;
    336 : 0773;
    337 : 0737;
    338 : 0732;
    339 : 0732;
    340 : 0732;
    341 : 072F;
    342 : 0772;
    343 : 0769;
    344 : 0773;
    345 : 0763;
    346 : 0776;
    347 : 072D;
    348 : 0772;
    349 : 0776;
    350 : 0733;
    351 : 0732;
    352 : 0769;
    353 : 076D;
    354 : 072D;
    355 : 0766;
    356 : 0770;
    357 : 0767;
    358 : 0761;
    359 : 0720;
    360 : 077C;
    361 : 0720;
    362 : 0720;
    363 : 0720;
    364 : 0720;
    365 : 0720;
    366 : 0720;
    367 : 0720;
    368 : 0720;
    369 : 0720;
    370 : 0720;
    371 : 0720;
    372 : 0720;
    373 : 0720;
    374 : 0720;
    375 : 0720;
    376 : 0720;
    377 : 0720;
    378 : 0720;
    379 : 0720;
    380 : 0720;
    381 : 0720;
    382 : 0720;
    383 : 0720;
    384 : 0720;
    385 : 0720;
    386 : 0720;
    387 : 0720;
    388 : 0720;
    389 : 0720;
    390 : 0720;
    391 : 0720;
    392 : 0720;
    393 : 0720;
    394 : 0720;
    395 : 0720;
    396 : 0720;
    397 : 0720;
    398 : 0720;
    399 : 0720;
    400 : 0720;
    401 : 0720;
    402 : 0720;
    403 : 0720;
    404 : 0720;
    405 : 0720;
    406 : 0720;
    407 : 0720;
    408 : 0720;
    409 : 0720;
    410 : 0720;
    411 : 0720;
    412 : 0720;
    413 : 0720;
    414 : 0720;
    415 : 0720;
    416 : 0720;
    417 : 0720;
    418 : 0720;
    419 : 0720;
    420 : 0720;
    421 : 0720;
    422 : 0720;
    423 : 0720;
    424 : 0720;
    425 : 0720;
    426 : 0720;
    427 : 0720;
    428 : 0720;
    429 : 0720;
    430 : 0720;
    431 : 0720;
    432 : 0720;
    433 : 0720;
    434 : 0720;
    435 : 0720;
    436 : 0720;
    437 : 0720;
    438 : 0720;
    439 : 0720;
    440 : 0720;
    441 : 0720;
    442 : 0720;
    443 : 0720;
    444 : 0720;
    445 : 0720;
    446 : 0720;
    447 : 0720;
    448 : 0720;
    449 : 0720;
    450 : 0720;
    451 : 0720;
    452 : 0720;
    453 : 0720;
    454 : 0720;
    455 : 0720;
    456 : 0720;
    457 : 0720;
    458 : 0720;
    459 : 0720;
    460 : 0720;
    461 : 0720;
    462 : 0720;
    463 : 0720;
    464 : 0720;
    465 : 0720;
    466 : 0720;
    467 : 0720;
    468 : 0735;
    469 : 0730;
    470 : 0724;
    471 : 0720;
    472 : 0720;
    473 : 0720;
    474 : 0720;
    475 : 0721;
    476 : 0720;
    477 : 0731;
    478 : 0736;
    479 : 0730;
    480 : 072D;
    481 : 072D;
    482 : 072D;
    483 : 072D;
    484 : 072D;
    485 : 072D;
    486 : 072D;
    487 : 072D;
    488 : 072D;
    489 : 072D;
    490 : 072D;
    491 : 072D;
    492 : 072D;
    493 : 072D;
    494 : 072D;
    495 : 072D;
    496 : 072D;
    497 : 072D;
    498 : 072D;
    499 : 072D;
    500 : 072D;
    501 : 072D;
    502 : 072D;
    503 : 072D;
    504 : 072D;
    505 : 072D;
    506 : 072D;
    507 : 072D;
    508 : 072D;
    509 : 072D;
    510 : 072D;
    511 : 072D;
    512 : 072D;
    513 : 072D;
    514 : 072D;
    515 : 072D;
    516 : 072D;
    517 : 072D;
    518 : 072D;
    519 : 072D;
    520 : 077C;
    521 : 0720;
    522 : 0720;
    523 : 0720;
    524 : 0720;
    525 : 0720;
    526 : 0720;
    527 : 0720;
    528 : 0720;
    529 : 0720;
    530 : 0720;
    531 : 0720;
    532 : 0720;
    533 : 0720;
    534 : 0720;
    535 : 0720;
    536 : 0720;
    537 : 0720;
    538 : 0720;
    539 : 0720;
    540 : 0720;
    541 : 0720;
    542 : 0720;
    543 : 0720;
    544 : 0720;
    545 : 0720;
    546 : 0720;
    547 : 0720;
    548 : 0720;
    549 : 0720;
    550 : 0720;
    551 : 0720;
    552 : 0720;
    553 : 0720;
    554 : 0720;
    555 : 0720;
    556 : 0720;
    557 : 0720;
    558 : 0720;
    559 : 0720;
    560 : 0720;
    561 : 0720;
    562 : 0720;
    563 : 0720;
    564 : 0720;
    565 : 0720;
    566 : 0720;
    567 : 0720;
    568 : 0720;
    569 : 0720;
    570 : 0720;
    571 : 0720;
    572 : 0720;
    573 : 0720;
    574 : 0720;
    575 : 0720;
    576 : 0720;
    577 : 0720;
    578 : 0720;
    579 : 0720;
    580 : 0720;
    581 : 0720;
    582 : 0720;
    583 : 0720;
    584 : 0720;
    585 : 0720;
    586 : 0720;
    587 : 0720;
    588 : 0720;
    589 : 0720;
    590 : 0720;
    591 : 0720;
    592 : 0720;
    593 : 0720;
    594 : 0720;
    595 : 0720;
    596 : 0720;
    597 : 0720;
    598 : 0720;
    599 : 0720;
    600 : 0720;
    601 : 0720;
    602 : 0720;
    603 : 0720;
    604 : 0720;
    605 : 0720;
    606 : 0720;
    607 : 0720;
    608 : 0720;
    609 : 0720;
    610 : 0720;
    611 : 0720;
    612 : 0720;
    613 : 0720;
    614 : 0720;
    615 : 0720;
    616 : 0720;
    617 : 0720;
    618 : 0720;
    619 : 0720;
    620 : 0720;
    621 : 0720;
    622 : 0720;
    623 : 0720;
    624 : 0720;
    625 : 0720;
    626 : 0720;
    627 : 0720;
    628 : 0720;
    629 : 0720;
    630 : 0720;
    631 : 0720;
    632 : 0720;
    633 : 0720;
    634 : 0720;
    635 : 0720;
    636 : 0720;
    637 : 0720;
    638 : 0720;
    639 : 0720;
    640 : 0720;
    641 : 0720;
    642 : 0720;
    643 : 0720;
    644 : 0720;
    645 : 0720;
    646 : 0720;
    647 : 0720;
    648 : 0720;
    649 : 0720;
    650 : 0720;
    651 : 0720;
    652 : 0720;
    653 : 0720;
    654 : 0720;
    655 : 0720;
    656 : 0720;
    657 : 0720;
    658 : 0720;
    659 : 0720;
    660 : 0720;
    661 : 0720;
    662 : 0720;
    663 : 0720;
    664 : 0720;
    665 : 0720;
    666 : 0720;
    667 : 0720;
    668 : 0720;
    669 : 0720;
    670 : 0720;
    671 : 0720;
    672 : 0720;
    673 : 0720;
    674 : 0720;
    675 : 0720;
    676 : 0720;
    677 : 0720;
    678 : 0720;
    679 : 0720;
    680 : 0720;
    681 : 0720;
    682 : 0720;
    683 : 0720;
    684 : 0720;
    685 : 0720;
    686 : 0720;
    687 : 0720;
    688 : 0720;
    689 : 0720;
    690 : 0720;
    691 : 0720;
    692 : 0720;
    693 : 0720;
    694 : 0720;
    695 : 0720;
    696 : 0720;
    697 : 0720;
    698 : 0720;
    699 : 0720;
    700 : 0720;
    701 : 0720;
    702 : 0720;
    703 : 0720;
    704 : 077C;
    705 : 072D;
    706 : 072D;
    707 : 072D;
    708 : 072D;
    709 : 072D;
    710 : 072D;
    711 : 072D;
    712 : 072D;
    713 : 072D;
    714 : 072D;
    715 : 072D;
    716 : 072D;
    717 : 072D;
    718 : 072D;
    719 : 072D;
    720 : 077C;
    721 : 0720;
    722 : 0720;
    723 : 0720;
    724 : 0720;
    725 : 0721;
    726 : 0720;
    727 : 0720;
    728 : 0739;
    729 : 0730;
    730 : 0724;
    731 : 0720;
    732 : 0720;
    733 : 0720;
    734 : 0720;
    735 : 0721;
    736 : 0720;
    737 : 0731;
    738 : 0730;
    739 : 0730;
    740 : 0724;
    741 : 0720;
    742 : 0720;
    743 : 0720;
    744 : 0720;
    745 : 0721;
    746 : 0720;
    747 : 0731;
    748 : 0731;
    749 : 0730;
    750 : 0724;
    751 : 0720;
    752 : 0720;
    753 : 0720;
    754 : 0720;
    755 : 0721;
    756 : 0720;
    757 : 0731;
    758 : 0732;
    759 : 0730;
    760 : 0724;
    761 : 0720;
    762 : 0720;
    763 : 0720;
    764 : 0720;
    765 : 0721;
    766 : 0720;
    767 : 0731;
    768 : 0733;
    769 : 0730;
    770 : 0724;
    771 : 0720;
    772 : 0720;
    773 : 0720;
    774 : 0720;
    775 : 0721;
    776 : 0720;
    777 : 0731;
    778 : 0734;
    779 : 0730;
    780 : 0724;
    781 : 0720;
    782 : 0720;
    783 : 0720;
    784 : 0720;
    785 : 0721;
    786 : 0720;
    787 : 0731;
    788 : 0735;
    789 : 0730;
    790 : 0724;
    791 : 0720;
    792 : 0720;
    793 : 0720;
    794 : 0720;
    795 : 0721;
    796 : 0720;
    797 : 0731;
    798 : 0736;
    799 : 0730;
    800 : 0720;
    801 : 077C;
    802 : 072D;
    803 : 072D;
    804 : 072D;
    805 : 072D;
    806 : 072D;
    807 : 072D;
    808 : 072D;
    809 : 072D;
    810 : 072D;
    811 : 072D;
    812 : 072D;
    813 : 072D;
    814 : 072D;
    815 : 072D;
    816 : 072D;
    817 : 072D;
    818 : 072D;
    819 : 072D;
    820 : 072D;
    821 : 077C;
    822 : 0720;
    823 : 0720;
    824 : 0720;
    825 : 0720;
    826 : 0720;
    827 : 0720;
    828 : 0720;
    829 : 0720;
    830 : 077C;
    831 : 072D;
    832 : 072D;
    833 : 072D;
    834 : 072D;
    835 : 072D;
    836 : 072D;
    837 : 072D;
    838 : 072D;
    839 : 072D;
    840 : 072D;
    841 : 072D;
    842 : 072D;
    843 : 072D;
    844 : 072D;
    845 : 072D;
    846 : 072D;
    847 : 072D;
    848 : 072D;
    849 : 072D;
    850 : 072D;
    851 : 072D;
    852 : 072D;
    853 : 072D;
    854 : 072D;
    855 : 072D;
    856 : 072D;
    857 : 077C;
    858 : 0720;
    859 : 0720;
    860 : 0720;
    861 : 0720;
    862 : 0720;
    863 : 0720;
    864 : 077C;
    865 : 0757;
    866 : 0752;
    867 : 0749;
    868 : 0754;
    869 : 0745;
    870 : 0742;
    871 : 0741;
    872 : 0743;
    873 : 074B;
    874 : 0720;
    875 : 0728;
    876 : 0757;
    877 : 0752;
    878 : 0729;
    879 : 0720;
    880 : 077C;
    881 : 0720;
    882 : 0720;
    883 : 0720;
    884 : 0720;
    885 : 0720;
    886 : 0720;
    887 : 0720;
    888 : 0720;
    889 : 0720;
    890 : 0720;
    891 : 0720;
    892 : 0720;
    893 : 0720;
    894 : 0720;
    895 : 0720;
    896 : 0720;
    897 : 0720;
    898 : 0720;
    899 : 0720;
    900 : 0720;
    901 : 0720;
    902 : 0720;
    903 : 0720;
    904 : 0720;
    905 : 0720;
    906 : 0720;
    907 : 0720;
    908 : 0720;
    909 : 0720;
    910 : 0720;
    911 : 0720;
    912 : 0720;
    913 : 0720;
    914 : 0720;
    915 : 0720;
    916 : 0720;
    917 : 0720;
    918 : 0720;
    919 : 0720;
    920 : 0720;
    921 : 0720;
    922 : 0720;
    923 : 0720;
    924 : 0720;
    925 : 0720;
    926 : 0720;
    927 : 0720;
    928 : 0720;
    929 : 0720;
    930 : 0720;
    931 : 0720;
    932 : 0720;
    933 : 0720;
    934 : 0720;
    935 : 0720;
    936 : 0720;
    937 : 0720;
    938 : 0720;
    939 : 0720;
    940 : 0720;
    941 : 0720;
    942 : 0720;
    943 : 0720;
    944 : 0720;
    945 : 0720;
    946 : 0720;
    947 : 0720;
    948 : 0720;
    949 : 0720;
    950 : 0720;
    951 : 0720;
    952 : 0720;
    953 : 0720;
    954 : 0720;
    955 : 0720;
    956 : 0720;
    957 : 0720;
    958 : 0720;
    959 : 0720;
    960 : 0720;
    961 : 077C;
    962 : 0746;
    963 : 0745;
    964 : 0754;
    965 : 0743;
    966 : 0748;
    967 : 0720;
    968 : 0728;
    969 : 0749;
    970 : 0746;
    971 : 0729;
    972 : 0720;
    973 : 0720;
    974 : 0720;
    975 : 0720;
    976 : 0720;
    977 : 0720;
    978 : 0720;
    979 : 0720;
    980 : 0720;
    981 : 077C;
    982 : 0720;
    983 : 0720;
    984 : 0720;
    985 : 0720;
    986 : 0720;
    987 : 0720;
    988 : 0720;
    989 : 0720;
    990 : 077C;
    991 : 0744;
    992 : 0745;
    993 : 0743;
    994 : 074F;
    995 : 0744;
    996 : 0745;
    997 : 0720;
    998 : 0728;
    999 : 0749;
    1000 : 0744;
    1001 : 0729;
    1002 : 0720;
    1003 : 0720;
    1004 : 0720;
    1005 : 0720;
    1006 : 0720;
    1007 : 0720;
    1008 : 0720;
    1009 : 0720;
    1010 : 0720;
    1011 : 0720;
    1012 : 0720;
    1013 : 0720;
    1014 : 0720;
    1015 : 0720;
    1016 : 0720;
    1017 : 077C;
    1018 : 0720;
    1019 : 0720;
    1020 : 0720;
    1021 : 0720;
    1022 : 0720;
    1023 : 0720;
    1024 : 077C;
    1025 : 072D;
    1026 : 072D;
    1027 : 072D;
    1028 : 072D;
    1029 : 072D;
    1030 : 072D;
    1031 : 072D;
    1032 : 072D;
    1033 : 072D;
    1034 : 072D;
    1035 : 072D;
    1036 : 072D;
    1037 : 072D;
    1038 : 072D;
    1039 : 072D;
    1040 : 077C;
    1041 : 0720;
    1042 : 0720;
    1043 : 0720;
    1044 : 0720;
    1045 : 0720;
    1046 : 077C;
    1047 : 072D;
    1048 : 072D;
    1049 : 072D;
    1050 : 072D;
    1051 : 072D;
    1052 : 072D;
    1053 : 072D;
    1054 : 072D;
    1055 : 072D;
    1056 : 072D;
    1057 : 072D;
    1058 : 072D;
    1059 : 072D;
    1060 : 072D;
    1061 : 077C;
    1062 : 072D;
    1063 : 072D;
    1064 : 072D;
    1065 : 072D;
    1066 : 072D;
    1067 : 072D;
    1068 : 072D;
    1069 : 072D;
    1070 : 072D;
    1071 : 072D;
    1072 : 072D;
    1073 : 072D;
    1074 : 072D;
    1075 : 072D;
    1076 : 072D;
    1077 : 077C;
    1078 : 072D;
    1079 : 072D;
    1080 : 072D;
    1081 : 072D;
    1082 : 072D;
    1083 : 072D;
    1084 : 072D;
    1085 : 072D;
    1086 : 072D;
    1087 : 072D;
    1088 : 072D;
    1089 : 072D;
    1090 : 072D;
    1091 : 072D;
    1092 : 072D;
    1093 : 077C;
    1094 : 0720;
    1095 : 0720;
    1096 : 0720;
    1097 : 0720;
    1098 : 0720;
    1099 : 0720;
    1100 : 0720;
    1101 : 0720;
    1102 : 0720;
    1103 : 0720;
    1104 : 0720;
    1105 : 0720;
    1106 : 0720;
    1107 : 0720;
    1108 : 0720;
    1109 : 0720;
    1110 : 0720;
    1111 : 0720;
    1112 : 0720;
    1113 : 0720;
    1114 : 0720;
    1115 : 0720;
    1116 : 0720;
    1117 : 0720;
    1118 : 0720;
    1119 : 0720;
    1120 : 0720;
    1121 : 077C;
    1122 : 072D;
    1123 : 072D;
    1124 : 072D;
    1125 : 072D;
    1126 : 072D;
    1127 : 072D;
    1128 : 072D;
    1129 : 072D;
    1130 : 072D;
    1131 : 072D;
    1132 : 072D;
    1133 : 072D;
    1134 : 072D;
    1135 : 072D;
    1136 : 072D;
    1137 : 072D;
    1138 : 072D;
    1139 : 072D;
    1140 : 072D;
    1141 : 077C;
    1142 : 0720;
    1143 : 0720;
    1144 : 0720;
    1145 : 0720;
    1146 : 0720;
    1147 : 0720;
    1148 : 0720;
    1149 : 0720;
    1150 : 077C;
    1151 : 072D;
    1152 : 072D;
    1153 : 072D;
    1154 : 072D;
    1155 : 072D;
    1156 : 072D;
    1157 : 072D;
    1158 : 072D;
    1159 : 072D;
    1160 : 072D;
    1161 : 072D;
    1162 : 072D;
    1163 : 072D;
    1164 : 072D;
    1165 : 072D;
    1166 : 072D;
    1167 : 072D;
    1168 : 072D;
    1169 : 072D;
    1170 : 072D;
    1171 : 072D;
    1172 : 072D;
    1173 : 072D;
    1174 : 072D;
    1175 : 072D;
    1176 : 072D;
    1177 : 077C;
    1178 : 0720;
    1179 : 0720;
    1180 : 0720;
    1181 : 0720;
    1182 : 0720;
    1183 : 0720;
    1184 : 077C;
    1185 : 0752;
    1186 : 0755;
    1187 : 0744;
    1188 : 0761;
    1189 : 0774;
    1190 : 0761;
    1191 : 0757;
    1192 : 0772;
    1193 : 0753;
    1194 : 0772;
    1195 : 0763;
    1196 : 073A;
    1197 : 0720;
    1198 : 0F30;
    1199 : 0720;
    1200 : 077C;
    1201 : 0720;
    1202 : 0720;
    1203 : 0720;
    1204 : 0720;
    1205 : 0720;
    1206 : 077C;
    1207 : 0752;
    1208 : 0765;
    1209 : 0767;
    1210 : 0769;
    1211 : 0773;
    1212 : 0774;
    1213 : 0765;
    1214 : 0772;
    1215 : 0773;
    1216 : 0720;
    1217 : 0720;
    1218 : 0720;
    1219 : 0720;
    1220 : 0720;
    1221 : 077C;
    1222 : 0750;
    1223 : 0772;
    1224 : 076F;
    1225 : 0767;
    1226 : 072E;
    1227 : 0720;
    1228 : 074D;
    1229 : 0765;
    1230 : 076D;
    1231 : 076F;
    1232 : 0772;
    1233 : 0779;
    1234 : 0720;
    1235 : 0720;
    1236 : 0720;
    1237 : 077C;
    1238 : 0744;
    1239 : 0761;
    1240 : 0774;
    1241 : 0761;
    1242 : 0720;
    1243 : 074D;
    1244 : 0765;
    1245 : 076D;
    1246 : 076F;
    1247 : 0772;
    1248 : 0779;
    1249 : 0720;
    1250 : 0720;
    1251 : 0720;
    1252 : 0720;
    1253 : 077C;
    1254 : 0720;
    1255 : 0720;
    1256 : 0720;
    1257 : 0720;
    1258 : 0720;
    1259 : 0720;
    1260 : 0720;
    1261 : 0720;
    1262 : 0720;
    1263 : 0720;
    1264 : 0720;
    1265 : 0720;
    1266 : 0720;
    1267 : 0720;
    1268 : 0720;
    1269 : 0720;
    1270 : 0720;
    1271 : 0720;
    1272 : 0720;
    1273 : 0720;
    1274 : 0720;
    1275 : 0720;
    1276 : 0720;
    1277 : 0720;
    1278 : 0720;
    1279 : 0720;
    1280 : 0720;
    1281 : 077C;
    1282 : 0750;
    1283 : 0743;
    1284 : 073A;
    1285 : 0720;
    1286 : 0720;
    1287 : 0720;
    1288 : 0720;
    1289 : 0720;
    1290 : 0720;
    1291 : 0720;
    1292 : 0F30;
    1293 : 0F30;
    1294 : 0F30;
    1295 : 0F30;
    1296 : 0F30;
    1297 : 0F30;
    1298 : 0F30;
    1299 : 0F30;
    1300 : 0720;
    1301 : 077C;
    1302 : 0720;
    1303 : 0720;
    1304 : 0720;
    1305 : 0720;
    1306 : 0720;
    1307 : 0720;
    1308 : 0720;
    1309 : 0720;
    1310 : 077C;
    1311 : 0772;
    1312 : 0773;
    1313 : 0731;
    1314 : 073A;
    1315 : 0720;
    1316 : 0F30;
    1317 : 0F30;
    1318 : 0720;
    1319 : 0772;
    1320 : 0773;
    1321 : 0732;
    1322 : 073A;
    1323 : 0720;
    1324 : 0F30;
    1325 : 0F30;
    1326 : 0720;
    1327 : 0772;
    1328 : 0764;
    1329 : 073A;
    1330 : 0720;
    1331 : 0F30;
    1332 : 0F30;
    1333 : 0720;
    1334 : 0720;
    1335 : 0720;
    1336 : 0720;
    1337 : 077C;
    1338 : 0720;
    1339 : 0720;
    1340 : 0720;
    1341 : 0720;
    1342 : 0720;
    1343 : 0720;
    1344 : 077C;
    1345 : 072D;
    1346 : 072D;
    1347 : 072D;
    1348 : 072D;
    1349 : 072D;
    1350 : 072D;
    1351 : 072D;
    1352 : 072D;
    1353 : 072D;
    1354 : 072D;
    1355 : 072D;
    1356 : 072D;
    1357 : 072D;
    1358 : 072D;
    1359 : 072D;
    1360 : 077C;
    1361 : 0720;
    1362 : 0720;
    1363 : 0720;
    1364 : 0720;
    1365 : 0720;
    1366 : 077C;
    1367 : 072D;
    1368 : 072D;
    1369 : 072D;
    1370 : 072D;
    1371 : 072D;
    1372 : 072D;
    1373 : 072D;
    1374 : 072D;
    1375 : 072D;
    1376 : 072D;
    1377 : 072D;
    1378 : 072D;
    1379 : 072D;
    1380 : 072D;
    1381 : 077C;
    1382 : 072D;
    1383 : 072D;
    1384 : 072D;
    1385 : 072D;
    1386 : 072D;
    1387 : 072D;
    1388 : 072D;
    1389 : 072D;
    1390 : 072D;
    1391 : 072D;
    1392 : 072D;
    1393 : 072D;
    1394 : 072D;
    1395 : 072D;
    1396 : 072D;
    1397 : 077C;
    1398 : 072D;
    1399 : 072D;
    1400 : 072D;
    1401 : 072D;
    1402 : 072D;
    1403 : 072D;
    1404 : 072D;
    1405 : 072D;
    1406 : 072D;
    1407 : 072D;
    1408 : 072D;
    1409 : 072D;
    1410 : 072D;
    1411 : 072D;
    1412 : 072D;
    1413 : 077C;
    1414 : 0720;
    1415 : 077C;
    1416 : 072D;
    1417 : 072D;
    1418 : 072D;
    1419 : 072D;
    1420 : 072D;
    1421 : 072D;
    1422 : 072D;
    1423 : 072D;
    1424 : 072D;
    1425 : 072D;
    1426 : 072D;
    1427 : 072D;
    1428 : 072D;
    1429 : 072D;
    1430 : 072D;
    1431 : 072D;
    1432 : 072D;
    1433 : 072D;
    1434 : 072D;
    1435 : 072D;
    1436 : 072D;
    1437 : 072D;
    1438 : 077C;
    1439 : 0720;
    1440 : 0720;
    1441 : 077C;
    1442 : 0749;
    1443 : 076E;
    1444 : 0773;
    1445 : 0774;
    1446 : 0772;
    1447 : 073A;
    1448 : 0720;
    1449 : 0720;
    1450 : 0720;
    1451 : 0720;
    1452 : 0F30;
    1453 : 0F30;
    1454 : 0F30;
    1455 : 0F30;
    1456 : 0F30;
    1457 : 0F30;
    1458 : 0F30;
    1459 : 0F30;
    1460 : 0720;
    1461 : 077C;
    1462 : 0720;
    1463 : 0720;
    1464 : 072D;
    1465 : 072D;
    1466 : 072D;
    1467 : 072D;
    1468 : 072D;
    1469 : 073E;
    1470 : 077C;
    1471 : 0720;
    1472 : 0720;
    1473 : 0720;
    1474 : 0720;
    1475 : 0720;
    1476 : 0720;
    1477 : 0720;
    1478 : 0720;
    1479 : 0720;
    1480 : 0720;
    1481 : 0720;
    1482 : 0720;
    1483 : 0720;
    1484 : 0720;
    1485 : 0720;
    1486 : 0720;
    1487 : 0720;
    1488 : 0720;
    1489 : 0720;
    1490 : 0720;
    1491 : 0720;
    1492 : 0720;
    1493 : 0720;
    1494 : 0720;
    1495 : 0720;
    1496 : 0720;
    1497 : 077C;
    1498 : 0720;
    1499 : 0720;
    1500 : 0720;
    1501 : 0720;
    1502 : 0720;
    1503 : 0720;
    1504 : 0720;
    1505 : 0720;
    1506 : 0720;
    1507 : 0720;
    1508 : 0720;
    1509 : 0720;
    1510 : 0720;
    1511 : 0720;
    1512 : 075E;
    1513 : 0720;
    1514 : 0720;
    1515 : 0720;
    1516 : 0720;
    1517 : 0720;
    1518 : 0720;
    1519 : 0720;
    1520 : 0720;
    1521 : 0720;
    1522 : 0720;
    1523 : 0720;
    1524 : 0720;
    1525 : 0720;
    1526 : 077C;
    1527 : 0758;
    1528 : 0730;
    1529 : 0720;
    1530 : 073A;
    1531 : 0720;
    1532 : 0F30;
    1533 : 0F30;
    1534 : 0F30;
    1535 : 0F30;
    1536 : 0F30;
    1537 : 0F30;
    1538 : 0F30;
    1539 : 0F30;
    1540 : 0720;
    1541 : 077C;
    1542 : 0F30;
    1543 : 0F30;
    1544 : 0F30;
    1545 : 0F30;
    1546 : 073A;
    1547 : 0720;
    1548 : 0F30;
    1549 : 0F30;
    1550 : 0F30;
    1551 : 0F30;
    1552 : 0F30;
    1553 : 0F30;
    1554 : 0F30;
    1555 : 0F30;
    1556 : 0720;
    1557 : 077C;
    1558 : 0F30;
    1559 : 0F30;
    1560 : 0F30;
    1561 : 0F30;
    1562 : 073A;
    1563 : 0720;
    1564 : 0F30;
    1565 : 0F30;
    1566 : 0F30;
    1567 : 0F30;
    1568 : 0F30;
    1569 : 0F30;
    1570 : 0F30;
    1571 : 0F30;
    1572 : 0720;
    1573 : 077C;
    1574 : 0720;
    1575 : 077C;
    1576 : 0748;
    1577 : 0745;
    1578 : 074C;
    1579 : 0750;
    1580 : 0720;
    1581 : 0720;
    1582 : 0720;
    1583 : 0720;
    1584 : 0720;
    1585 : 0720;
    1586 : 0720;
    1587 : 0720;
    1588 : 0720;
    1589 : 0720;
    1590 : 0720;
    1591 : 0720;
    1592 : 0720;
    1593 : 0720;
    1594 : 0720;
    1595 : 0720;
    1596 : 0720;
    1597 : 0720;
    1598 : 077C;
    1599 : 0720;
    1600 : 0720;
    1601 : 077C;
    1602 : 074E;
    1603 : 0765;
    1604 : 0778;
    1605 : 0774;
    1606 : 0750;
    1607 : 0743;
    1608 : 073A;
    1609 : 0720;
    1610 : 0720;
    1611 : 0720;
    1612 : 0F30;
    1613 : 0F30;
    1614 : 0F30;
    1615 : 0F30;
    1616 : 0F30;
    1617 : 0F30;
    1618 : 0F30;
    1619 : 0F30;
    1620 : 0720;
    1621 : 077C;
    1622 : 0720;
    1623 : 0720;
    1624 : 077C;
    1625 : 0720;
    1626 : 0720;
    1627 : 0720;
    1628 : 0720;
    1629 : 0720;
    1630 : 077C;
    1631 : 0744;
    1632 : 0761;
    1633 : 0774;
    1634 : 0761;
    1635 : 0757;
    1636 : 0772;
    1637 : 073A;
    1638 : 0720;
    1639 : 0F30;
    1640 : 0F30;
    1641 : 0F30;
    1642 : 0F30;
    1643 : 0F30;
    1644 : 0F30;
    1645 : 0F30;
    1646 : 0F30;
    1647 : 0720;
    1648 : 0720;
    1649 : 0752;
    1650 : 0755;
    1651 : 0757;
    1652 : 0772;
    1653 : 073A;
    1654 : 0720;
    1655 : 0F30;
    1656 : 0720;
    1657 : 077C;
    1658 : 0720;
    1659 : 0720;
    1660 : 0720;
    1661 : 0720;
    1662 : 0720;
    1663 : 0720;
    1664 : 0720;
    1665 : 0720;
    1666 : 0720;
    1667 : 0720;
    1668 : 0720;
    1669 : 0720;
    1670 : 0720;
    1671 : 0720;
    1672 : 077C;
    1673 : 0720;
    1674 : 0720;
    1675 : 0720;
    1676 : 0720;
    1677 : 0720;
    1678 : 0720;
    1679 : 0720;
    1680 : 0720;
    1681 : 0720;
    1682 : 0720;
    1683 : 0720;
    1684 : 0720;
    1685 : 0720;
    1686 : 077C;
    1687 : 0758;
    1688 : 0731;
    1689 : 0720;
    1690 : 073A;
    1691 : 0720;
    1692 : 0F30;
    1693 : 0F30;
    1694 : 0F30;
    1695 : 0F30;
    1696 : 0F30;
    1697 : 0F30;
    1698 : 0F30;
    1699 : 0F30;
    1700 : 0720;
    1701 : 077C;
    1702 : 0F30;
    1703 : 0F30;
    1704 : 0F30;
    1705 : 0F30;
    1706 : 073A;
    1707 : 0720;
    1708 : 0F30;
    1709 : 0F30;
    1710 : 0F30;
    1711 : 0F30;
    1712 : 0F30;
    1713 : 0F30;
    1714 : 0F30;
    1715 : 0F30;
    1716 : 0720;
    1717 : 077C;
    1718 : 0F30;
    1719 : 0F30;
    1720 : 0F30;
    1721 : 0F30;
    1722 : 073A;
    1723 : 0720;
    1724 : 0F30;
    1725 : 0F30;
    1726 : 0F30;
    1727 : 0F30;
    1728 : 0F30;
    1729 : 0F30;
    1730 : 0F30;
    1731 : 0F30;
    1732 : 0720;
    1733 : 077C;
    1734 : 0720;
    1735 : 077C;
    1736 : 072D;
    1737 : 072D;
    1738 : 072D;
    1739 : 072D;
    1740 : 072D;
    1741 : 072D;
    1742 : 072D;
    1743 : 072D;
    1744 : 072D;
    1745 : 072D;
    1746 : 072D;
    1747 : 072D;
    1748 : 072D;
    1749 : 072D;
    1750 : 072D;
    1751 : 072D;
    1752 : 072D;
    1753 : 072D;
    1754 : 072D;
    1755 : 072D;
    1756 : 072D;
    1757 : 072D;
    1758 : 077C;
    1759 : 0720;
    1760 : 0720;
    1761 : 077C;
    1762 : 0749;
    1763 : 0746;
    1764 : 075F;
    1765 : 0750;
    1766 : 0743;
    1767 : 073A;
    1768 : 0720;
    1769 : 0720;
    1770 : 0720;
    1771 : 0720;
    1772 : 0F30;
    1773 : 0F30;
    1774 : 0F30;
    1775 : 0F30;
    1776 : 0F30;
    1777 : 0F30;
    1778 : 0F30;
    1779 : 0F30;
    1780 : 0720;
    1781 : 077C;
    1782 : 0720;
    1783 : 0720;
    1784 : 077C;
    1785 : 0720;
    1786 : 0720;
    1787 : 0720;
    1788 : 0720;
    1789 : 0720;
    1790 : 077C;
    1791 : 0720;
    1792 : 0720;
    1793 : 0720;
    1794 : 0720;
    1795 : 0720;
    1796 : 0720;
    1797 : 0720;
    1798 : 0720;
    1799 : 0720;
    1800 : 0720;
    1801 : 0720;
    1802 : 0720;
    1803 : 0720;
    1804 : 0720;
    1805 : 0720;
    1806 : 0720;
    1807 : 0720;
    1808 : 0720;
    1809 : 0720;
    1810 : 0720;
    1811 : 0720;
    1812 : 0720;
    1813 : 0720;
    1814 : 0720;
    1815 : 0720;
    1816 : 0720;
    1817 : 077C;
    1818 : 0720;
    1819 : 0720;
    1820 : 077C;
    1821 : 072D;
    1822 : 072D;
    1823 : 072D;
    1824 : 072D;
    1825 : 072D;
    1826 : 072D;
    1827 : 072D;
    1828 : 072D;
    1829 : 072D;
    1830 : 072D;
    1831 : 072D;
    1832 : 072D;
    1833 : 072D;
    1834 : 072D;
    1835 : 072D;
    1836 : 072D;
    1837 : 072D;
    1838 : 072D;
    1839 : 072D;
    1840 : 072D;
    1841 : 072D;
    1842 : 072D;
    1843 : 077C;
    1844 : 0720;
    1845 : 0720;
    1846 : 077C;
    1847 : 0758;
    1848 : 0732;
    1849 : 0720;
    1850 : 073A;
    1851 : 0720;
    1852 : 0F30;
    1853 : 0F30;
    1854 : 0F30;
    1855 : 0F30;
    1856 : 0F30;
    1857 : 0F30;
    1858 : 0F30;
    1859 : 0F30;
    1860 : 0720;
    1861 : 077C;
    1862 : 0F30;
    1863 : 0F30;
    1864 : 0F30;
    1865 : 0F30;
    1866 : 073A;
    1867 : 0720;
    1868 : 0F30;
    1869 : 0F30;
    1870 : 0F30;
    1871 : 0F30;
    1872 : 0F30;
    1873 : 0F30;
    1874 : 0F30;
    1875 : 0F30;
    1876 : 0720;
    1877 : 077C;
    1878 : 0F30;
    1879 : 0F30;
    1880 : 0F30;
    1881 : 0F30;
    1882 : 073A;
    1883 : 0720;
    1884 : 0F30;
    1885 : 0F30;
    1886 : 0F30;
    1887 : 0F30;
    1888 : 0F30;
    1889 : 0F30;
    1890 : 0F30;
    1891 : 0F30;
    1892 : 0720;
    1893 : 077C;
    1894 : 0720;
    1895 : 077C;
    1896 : 0720;
    1897 : 0720;
    1898 : 0720;
    1899 : 0720;
    1900 : 0720;
    1901 : 0720;
    1902 : 0720;
    1903 : 0720;
    1904 : 0720;
    1905 : 0720;
    1906 : 0720;
    1907 : 0720;
    1908 : 0720;
    1909 : 0720;
    1910 : 0720;
    1911 : 0720;
    1912 : 0720;
    1913 : 0720;
    1914 : 0720;
    1915 : 0720;
    1916 : 0720;
    1917 : 0720;
    1918 : 077C;
    1919 : 0720;
    1920 : 0720;
    1921 : 077C;
    1922 : 0749;
    1923 : 0746;
    1924 : 075F;
    1925 : 0749;
    1926 : 076E;
    1927 : 0773;
    1928 : 0774;
    1929 : 0772;
    1930 : 073A;
    1931 : 0720;
    1932 : 0F30;
    1933 : 0F30;
    1934 : 0F30;
    1935 : 0F30;
    1936 : 0F30;
    1937 : 0F30;
    1938 : 0F30;
    1939 : 0F30;
    1940 : 0720;
    1941 : 077C;
    1942 : 0720;
    1943 : 0720;
    1944 : 077C;
    1945 : 0720;
    1946 : 0720;
    1947 : 0720;
    1948 : 0720;
    1949 : 0720;
    1950 : 077C;
    1951 : 0720;
    1952 : 0720;
    1953 : 0720;
    1954 : 0720;
    1955 : 0720;
    1956 : 0720;
    1957 : 0720;
    1958 : 0720;
    1959 : 0720;
    1960 : 0720;
    1961 : 0720;
    1962 : 0720;
    1963 : 0720;
    1964 : 0720;
    1965 : 0720;
    1966 : 0720;
    1967 : 0720;
    1968 : 0720;
    1969 : 0720;
    1970 : 0720;
    1971 : 0720;
    1972 : 0720;
    1973 : 0720;
    1974 : 0720;
    1975 : 0720;
    1976 : 0720;
    1977 : 077C;
    1978 : 0720;
    1979 : 0720;
    1980 : 077C;
    1981 : 074D;
    1982 : 0745;
    1983 : 074D;
    1984 : 072F;
    1985 : 0757;
    1986 : 0742;
    1987 : 0720;
    1988 : 0720;
    1989 : 0720;
    1990 : 0720;
    1991 : 0720;
    1992 : 0720;
    1993 : 0720;
    1994 : 0720;
    1995 : 0720;
    1996 : 0720;
    1997 : 0720;
    1998 : 0720;
    1999 : 0720;
    2000 : 0720;
    2001 : 0720;
    2002 : 0720;
    2003 : 077C;
    2004 : 0720;
    2005 : 0720;
    2006 : 077C;
    2007 : 0758;
    2008 : 0733;
    2009 : 0720;
    2010 : 073A;
    2011 : 0720;
    2012 : 0F30;
    2013 : 0F30;
    2014 : 0F30;
    2015 : 0F30;
    2016 : 0F30;
    2017 : 0F30;
    2018 : 0F30;
    2019 : 0F30;
    2020 : 0720;
    2021 : 077C;
    2022 : 0F30;
    2023 : 0F30;
    2024 : 0F30;
    2025 : 0F30;
    2026 : 073A;
    2027 : 0720;
    2028 : 0F30;
    2029 : 0F30;
    2030 : 0F30;
    2031 : 0F30;
    2032 : 0F30;
    2033 : 0F30;
    2034 : 0F30;
    2035 : 0F30;
    2036 : 0720;
    2037 : 077C;
    2038 : 0F30;
    2039 : 0F30;
    2040 : 0F30;
    2041 : 0F30;
    2042 : 073A;
    2043 : 0720;
    2044 : 0F30;
    2045 : 0F30;
    2046 : 0F30;
    2047 : 0F30;
    2048 : 0F30;
    2049 : 0F30;
    2050 : 0F30;
    2051 : 0F30;
    2052 : 0720;
    2053 : 077C;
    2054 : 0720;
    2055 : 077C;
    2056 : 074B;
    2057 : 0745;
    2058 : 0759;
    2059 : 075B;
    2060 : 0730;
    2061 : 075D;
    2062 : 073A;
    2063 : 0720;
    2064 : 0752;
    2065 : 0765;
    2066 : 0773;
    2067 : 0765;
    2068 : 0774;
    2069 : 0720;
    2070 : 0720;
    2071 : 0720;
    2072 : 0720;
    2073 : 0720;
    2074 : 0720;
    2075 : 0720;
    2076 : 0720;
    2077 : 0720;
    2078 : 077C;
    2079 : 0720;
    2080 : 0720;
    2081 : 0720;
    2082 : 0742;
    2083 : 0772;
    2084 : 0761;
    2085 : 076E;
    2086 : 0763;
    2087 : 0768;
    2088 : 073A;
    2089 : 0720;
    2090 : 0720;
    2091 : 0720;
    2092 : 0F30;
    2093 : 0720;
    2094 : 0720;
    2095 : 0720;
    2096 : 0720;
    2097 : 0720;
    2098 : 0720;
    2099 : 0720;
    2100 : 0720;
    2101 : 077C;
    2102 : 0720;
    2103 : 0720;
    2104 : 077C;
    2105 : 0720;
    2106 : 0720;
    2107 : 0720;
    2108 : 0720;
    2109 : 0720;
    2110 : 077C;
    2111 : 0752;
    2112 : 0755;
    2113 : 0728;
    2114 : 0772;
    2115 : 0773;
    2116 : 0731;
    2117 : 0729;
    2118 : 073A;
    2119 : 0720;
    2120 : 0F30;
    2121 : 0F30;
    2122 : 0F30;
    2123 : 0F30;
    2124 : 0F30;
    2125 : 0F30;
    2126 : 0F30;
    2127 : 0F30;
    2128 : 0720;
    2129 : 0720;
    2130 : 0720;
    2131 : 0720;
    2132 : 0720;
    2133 : 0720;
    2134 : 0720;
    2135 : 0720;
    2136 : 0720;
    2137 : 077C;
    2138 : 0720;
    2139 : 0720;
    2140 : 077C;
    2141 : 072D;
    2142 : 072D;
    2143 : 072D;
    2144 : 072D;
    2145 : 072D;
    2146 : 072D;
    2147 : 072D;
    2148 : 072D;
    2149 : 072D;
    2150 : 072D;
    2151 : 072D;
    2152 : 072D;
    2153 : 072D;
    2154 : 072D;
    2155 : 072D;
    2156 : 072D;
    2157 : 072D;
    2158 : 072D;
    2159 : 072D;
    2160 : 072D;
    2161 : 072D;
    2162 : 072D;
    2163 : 077C;
    2164 : 0720;
    2165 : 0720;
    2166 : 077C;
    2167 : 0758;
    2168 : 0734;
    2169 : 0720;
    2170 : 073A;
    2171 : 0720;
    2172 : 0F30;
    2173 : 0F30;
    2174 : 0F30;
    2175 : 0F30;
    2176 : 0F30;
    2177 : 0F30;
    2178 : 0F30;
    2179 : 0F30;
    2180 : 0720;
    2181 : 077C;
    2182 : 0F30;
    2183 : 0F30;
    2184 : 0F30;
    2185 : 0F30;
    2186 : 073A;
    2187 : 0720;
    2188 : 0F30;
    2189 : 0F30;
    2190 : 0F30;
    2191 : 0F30;
    2192 : 0F30;
    2193 : 0F30;
    2194 : 0F30;
    2195 : 0F30;
    2196 : 0720;
    2197 : 077C;
    2198 : 0F30;
    2199 : 0F30;
    2200 : 0F30;
    2201 : 0F30;
    2202 : 073A;
    2203 : 0720;
    2204 : 0F30;
    2205 : 0F30;
    2206 : 0F30;
    2207 : 0F30;
    2208 : 0F30;
    2209 : 0F30;
    2210 : 0F30;
    2211 : 0F30;
    2212 : 0720;
    2213 : 077C;
    2214 : 0720;
    2215 : 077C;
    2216 : 074B;
    2217 : 0745;
    2218 : 0759;
    2219 : 075B;
    2220 : 0731;
    2221 : 075D;
    2222 : 073A;
    2223 : 0720;
    2224 : 0743;
    2225 : 076C;
    2226 : 076F;
    2227 : 0763;
    2228 : 076B;
    2229 : 0720;
    2230 : 0773;
    2231 : 0774;
    2232 : 0765;
    2233 : 0770;
    2234 : 0720;
    2235 : 0720;
    2236 : 0720;
    2237 : 0720;
    2238 : 077C;
    2239 : 0720;
    2240 : 0720;
    2241 : 077C;
    2242 : 072D;
    2243 : 072D;
    2244 : 072D;
    2245 : 072D;
    2246 : 072D;
    2247 : 072D;
    2248 : 072D;
    2249 : 072D;
    2250 : 072D;
    2251 : 072D;
    2252 : 072D;
    2253 : 072D;
    2254 : 072D;
    2255 : 072D;
    2256 : 072D;
    2257 : 072D;
    2258 : 072D;
    2259 : 072D;
    2260 : 072D;
    2261 : 077C;
    2262 : 0720;
    2263 : 0720;
    2264 : 077C;
    2265 : 0720;
    2266 : 0720;
    2267 : 0720;
    2268 : 0720;
    2269 : 0720;
    2270 : 077C;
    2271 : 0752;
    2272 : 0755;
    2273 : 0728;
    2274 : 0772;
    2275 : 0773;
    2276 : 0732;
    2277 : 0729;
    2278 : 073A;
    2279 : 0720;
    2280 : 0F30;
    2281 : 0F30;
    2282 : 0F30;
    2283 : 0F30;
    2284 : 0F30;
    2285 : 0F30;
    2286 : 0F30;
    2287 : 0F30;
    2288 : 0720;
    2289 : 0720;
    2290 : 0720;
    2291 : 0720;
    2292 : 0720;
    2293 : 0720;
    2294 : 0720;
    2295 : 0720;
    2296 : 0720;
    2297 : 077C;
    2298 : 0720;
    2299 : 0720;
    2300 : 077C;
    2301 : 0720;
    2302 : 074D;
    2303 : 0745;
    2304 : 074D;
    2305 : 075F;
    2306 : 0741;
    2307 : 074C;
    2308 : 0755;
    2309 : 0752;
    2310 : 0765;
    2311 : 0773;
    2312 : 073A;
    2313 : 0720;
    2314 : 0F30;
    2315 : 0F30;
    2316 : 0F30;
    2317 : 0F30;
    2318 : 0F30;
    2319 : 0F30;
    2320 : 0F30;
    2321 : 0F30;
    2322 : 0720;
    2323 : 077C;
    2324 : 0720;
    2325 : 0720;
    2326 : 077C;
    2327 : 0758;
    2328 : 0735;
    2329 : 0720;
    2330 : 073A;
    2331 : 0720;
    2332 : 0F30;
    2333 : 0F30;
    2334 : 0F30;
    2335 : 0F30;
    2336 : 0F30;
    2337 : 0F30;
    2338 : 0F30;
    2339 : 0F30;
    2340 : 0720;
    2341 : 077C;
    2342 : 0F30;
    2343 : 0F30;
    2344 : 0F30;
    2345 : 0F30;
    2346 : 073A;
    2347 : 0720;
    2348 : 0F30;
    2349 : 0F30;
    2350 : 0F30;
    2351 : 0F30;
    2352 : 0F30;
    2353 : 0F30;
    2354 : 0F30;
    2355 : 0F30;
    2356 : 0720;
    2357 : 077C;
    2358 : 0F30;
    2359 : 0F30;
    2360 : 0F30;
    2361 : 0F30;
    2362 : 073A;
    2363 : 0720;
    2364 : 0F30;
    2365 : 0F30;
    2366 : 0F30;
    2367 : 0F30;
    2368 : 0F30;
    2369 : 0F30;
    2370 : 0F30;
    2371 : 0F30;
    2372 : 0720;
    2373 : 077C;
    2374 : 0720;
    2375 : 077C;
    2376 : 074B;
    2377 : 0745;
    2378 : 0759;
    2379 : 075B;
    2380 : 0732;
    2381 : 075D;
    2382 : 073A;
    2383 : 0720;
    2384 : 0750;
    2385 : 0772;
    2386 : 076F;
    2387 : 0767;
    2388 : 0772;
    2389 : 0761;
    2390 : 076D;
    2391 : 0720;
    2392 : 0766;
    2393 : 076C;
    2394 : 0761;
    2395 : 0773;
    2396 : 0768;
    2397 : 0720;
    2398 : 077C;
    2399 : 0720;
    2400 : 0720;
    2401 : 0720;
    2402 : 0720;
    2403 : 0720;
    2404 : 0720;
    2405 : 0720;
    2406 : 0720;
    2407 : 0720;
    2408 : 0720;
    2409 : 0720;
    2410 : 0720;
    2411 : 077C;
    2412 : 0720;
    2413 : 0720;
    2414 : 0720;
    2415 : 0720;
    2416 : 0720;
    2417 : 0720;
    2418 : 0720;
    2419 : 0720;
    2420 : 0720;
    2421 : 0720;
    2422 : 0720;
    2423 : 0720;
    2424 : 077C;
    2425 : 0720;
    2426 : 0720;
    2427 : 0720;
    2428 : 0720;
    2429 : 0720;
    2430 : 077C;
    2431 : 0720;
    2432 : 0720;
    2433 : 0720;
    2434 : 0720;
    2435 : 0720;
    2436 : 0720;
    2437 : 0720;
    2438 : 0720;
    2439 : 0720;
    2440 : 0720;
    2441 : 0720;
    2442 : 0720;
    2443 : 0720;
    2444 : 0720;
    2445 : 0720;
    2446 : 0720;
    2447 : 0720;
    2448 : 0720;
    2449 : 0720;
    2450 : 0720;
    2451 : 0720;
    2452 : 0720;
    2453 : 0720;
    2454 : 0720;
    2455 : 0720;
    2456 : 0720;
    2457 : 077C;
    2458 : 0720;
    2459 : 0720;
    2460 : 077C;
    2461 : 0720;
    2462 : 0757;
    2463 : 0742;
    2464 : 075F;
    2465 : 0749;
    2466 : 076E;
    2467 : 0773;
    2468 : 0774;
    2469 : 0772;
    2470 : 073A;
    2471 : 0720;
    2472 : 0720;
    2473 : 0720;
    2474 : 0F30;
    2475 : 0F30;
    2476 : 0F30;
    2477 : 0F30;
    2478 : 0F30;
    2479 : 0F30;
    2480 : 0F30;
    2481 : 0F30;
    2482 : 0720;
    2483 : 077C;
    2484 : 0720;
    2485 : 0720;
    2486 : 077C;
    2487 : 0758;
    2488 : 0736;
    2489 : 0720;
    2490 : 073A;
    2491 : 0720;
    2492 : 0F30;
    2493 : 0F30;
    2494 : 0F30;
    2495 : 0F30;
    2496 : 0F30;
    2497 : 0F30;
    2498 : 0F30;
    2499 : 0F30;
    2500 : 0720;
    2501 : 077C;
    2502 : 0F30;
    2503 : 0F30;
    2504 : 0F30;
    2505 : 0F30;
    2506 : 073A;
    2507 : 0720;
    2508 : 0F30;
    2509 : 0F30;
    2510 : 0F30;
    2511 : 0F30;
    2512 : 0F30;
    2513 : 0F30;
    2514 : 0F30;
    2515 : 0F30;
    2516 : 0720;
    2517 : 077C;
    2518 : 0F30;
    2519 : 0F30;
    2520 : 0F30;
    2521 : 0F30;
    2522 : 073A;
    2523 : 0720;
    2524 : 0F30;
    2525 : 0F30;
    2526 : 0F30;
    2527 : 0F30;
    2528 : 0F30;
    2529 : 0F30;
    2530 : 0F30;
    2531 : 0F30;
    2532 : 0720;
    2533 : 077C;
    2534 : 0720;
    2535 : 077C;
    2536 : 0720;
    2537 : 0720;
    2538 : 0720;
    2539 : 0720;
    2540 : 0720;
    2541 : 0720;
    2542 : 0720;
    2543 : 0720;
    2544 : 0720;
    2545 : 0720;
    2546 : 0720;
    2547 : 0720;
    2548 : 0720;
    2549 : 0720;
    2550 : 0720;
    2551 : 0720;
    2552 : 0720;
    2553 : 0720;
    2554 : 0720;
    2555 : 0720;
    2556 : 0720;
    2557 : 0720;
    2558 : 077C;
    2559 : 0720;
    2560 : 0720;
    2561 : 0720;
    2562 : 0720;
    2563 : 0720;
    2564 : 0720;
    2565 : 0720;
    2566 : 0720;
    2567 : 0720;
    2568 : 0720;
    2569 : 0720;
    2570 : 0720;
    2571 : 077C;
    2572 : 0720;
    2573 : 0720;
    2574 : 0720;
    2575 : 0720;
    2576 : 0720;
    2577 : 0720;
    2578 : 0720;
    2579 : 0720;
    2580 : 0720;
    2581 : 0720;
    2582 : 0720;
    2583 : 0720;
    2584 : 077C;
    2585 : 0720;
    2586 : 0720;
    2587 : 0720;
    2588 : 0720;
    2589 : 0720;
    2590 : 077C;
    2591 : 0749;
    2592 : 074D;
    2593 : 074D;
    2594 : 073A;
    2595 : 0720;
    2596 : 0F30;
    2597 : 0F30;
    2598 : 0F30;
    2599 : 0F30;
    2600 : 0F30;
    2601 : 0F30;
    2602 : 0F30;
    2603 : 0F30;
    2604 : 0720;
    2605 : 0720;
    2606 : 0749;
    2607 : 074D;
    2608 : 074D;
    2609 : 0753;
    2610 : 0772;
    2611 : 0743;
    2612 : 073A;
    2613 : 0720;
    2614 : 0F30;
    2615 : 0720;
    2616 : 0720;
    2617 : 077C;
    2618 : 0720;
    2619 : 0720;
    2620 : 077C;
    2621 : 0720;
    2622 : 0757;
    2623 : 0742;
    2624 : 075F;
    2625 : 0772;
    2626 : 0764;
    2627 : 073A;
    2628 : 0720;
    2629 : 0720;
    2630 : 0720;
    2631 : 0720;
    2632 : 0720;
    2633 : 0720;
    2634 : 0F30;
    2635 : 0F30;
    2636 : 0F30;
    2637 : 0F30;
    2638 : 0F30;
    2639 : 0F30;
    2640 : 0F30;
    2641 : 0F30;
    2642 : 0720;
    2643 : 077C;
    2644 : 0720;
    2645 : 0720;
    2646 : 077C;
    2647 : 0758;
    2648 : 0737;
    2649 : 0720;
    2650 : 073A;
    2651 : 0720;
    2652 : 0F30;
    2653 : 0F30;
    2654 : 0F30;
    2655 : 0F30;
    2656 : 0F30;
    2657 : 0F30;
    2658 : 0F30;
    2659 : 0F30;
    2660 : 0720;
    2661 : 077C;
    2662 : 0F30;
    2663 : 0F30;
    2664 : 0F30;
    2665 : 0F30;
    2666 : 073A;
    2667 : 0720;
    2668 : 0F30;
    2669 : 0F30;
    2670 : 0F30;
    2671 : 0F30;
    2672 : 0F30;
    2673 : 0F30;
    2674 : 0F30;
    2675 : 0F30;
    2676 : 0720;
    2677 : 077C;
    2678 : 0F30;
    2679 : 0F30;
    2680 : 0F30;
    2681 : 0F30;
    2682 : 073A;
    2683 : 0720;
    2684 : 0F30;
    2685 : 0F30;
    2686 : 0F30;
    2687 : 0F30;
    2688 : 0F30;
    2689 : 0F30;
    2690 : 0F30;
    2691 : 0F30;
    2692 : 0720;
    2693 : 077C;
    2694 : 0720;
    2695 : 077C;
    2696 : 0753;
    2697 : 0757;
    2698 : 075B;
    2699 : 0739;
    2700 : 075D;
    2701 : 0720;
    2702 : 073A;
    2703 : 0720;
    2704 : 0753;
    2705 : 0774;
    2706 : 0765;
    2707 : 0770;
    2708 : 0720;
    2709 : 076D;
    2710 : 076F;
    2711 : 0764;
    2712 : 0765;
    2713 : 0720;
    2714 : 0720;
    2715 : 0720;
    2716 : 0720;
    2717 : 0720;
    2718 : 077C;
    2719 : 0720;
    2720 : 0720;
    2721 : 0720;
    2722 : 0720;
    2723 : 0720;
    2724 : 0720;
    2725 : 0720;
    2726 : 0720;
    2727 : 0720;
    2728 : 0720;
    2729 : 0720;
    2730 : 0720;
    2731 : 0756;
    2732 : 0720;
    2733 : 0720;
    2734 : 0720;
    2735 : 0720;
    2736 : 0720;
    2737 : 0720;
    2738 : 0720;
    2739 : 0720;
    2740 : 0720;
    2741 : 0720;
    2742 : 0720;
    2743 : 0720;
    2744 : 077C;
    2745 : 0720;
    2746 : 0720;
    2747 : 0720;
    2748 : 0720;
    2749 : 0720;
    2750 : 077C;
    2751 : 0720;
    2752 : 0720;
    2753 : 0720;
    2754 : 0720;
    2755 : 0720;
    2756 : 0720;
    2757 : 0720;
    2758 : 0720;
    2759 : 0720;
    2760 : 0720;
    2761 : 0720;
    2762 : 0720;
    2763 : 0720;
    2764 : 0720;
    2765 : 0720;
    2766 : 0720;
    2767 : 0720;
    2768 : 0720;
    2769 : 0720;
    2770 : 0720;
    2771 : 0720;
    2772 : 0720;
    2773 : 0720;
    2774 : 0720;
    2775 : 0720;
    2776 : 0720;
    2777 : 077C;
    2778 : 0720;
    2779 : 0720;
    2780 : 077C;
    2781 : 0720;
    2782 : 0757;
    2783 : 0742;
    2784 : 075F;
    2785 : 0772;
    2786 : 0764;
    2787 : 075F;
    2788 : 0764;
    2789 : 0761;
    2790 : 0774;
    2791 : 0761;
    2792 : 073A;
    2793 : 0720;
    2794 : 0F30;
    2795 : 0F30;
    2796 : 0F30;
    2797 : 0F30;
    2798 : 0F30;
    2799 : 0F30;
    2800 : 0F30;
    2801 : 0F30;
    2802 : 0720;
    2803 : 077C;
    2804 : 0720;
    2805 : 0720;
    2806 : 077C;
    2807 : 0758;
    2808 : 0738;
    2809 : 0720;
    2810 : 073A;
    2811 : 0720;
    2812 : 0F30;
    2813 : 0F30;
    2814 : 0F30;
    2815 : 0F30;
    2816 : 0F30;
    2817 : 0F30;
    2818 : 0F30;
    2819 : 0F30;
    2820 : 0720;
    2821 : 077C;
    2822 : 0F30;
    2823 : 0F30;
    2824 : 0F30;
    2825 : 0F30;
    2826 : 073A;
    2827 : 0720;
    2828 : 0F30;
    2829 : 0F30;
    2830 : 0F30;
    2831 : 0F30;
    2832 : 0F30;
    2833 : 0F30;
    2834 : 0F30;
    2835 : 0F30;
    2836 : 0720;
    2837 : 077C;
    2838 : 0F30;
    2839 : 0F30;
    2840 : 0F30;
    2841 : 0F30;
    2842 : 073A;
    2843 : 0720;
    2844 : 0F30;
    2845 : 0F30;
    2846 : 0F30;
    2847 : 0F30;
    2848 : 0F30;
    2849 : 0F30;
    2850 : 0F30;
    2851 : 0F30;
    2852 : 0720;
    2853 : 077C;
    2854 : 0720;
    2855 : 077C;
    2856 : 0720;
    2857 : 0720;
    2858 : 0720;
    2859 : 0720;
    2860 : 0720;
    2861 : 0720;
    2862 : 0720;
    2863 : 0720;
    2864 : 0720;
    2865 : 0720;
    2866 : 0720;
    2867 : 0720;
    2868 : 0720;
    2869 : 0720;
    2870 : 0720;
    2871 : 0720;
    2872 : 0720;
    2873 : 0720;
    2874 : 0720;
    2875 : 0720;
    2876 : 0720;
    2877 : 0720;
    2878 : 077C;
    2879 : 0720;
    2880 : 0720;
    2881 : 077C;
    2882 : 072D;
    2883 : 072D;
    2884 : 072D;
    2885 : 072D;
    2886 : 072D;
    2887 : 072D;
    2888 : 072D;
    2889 : 072D;
    2890 : 072D;
    2891 : 072D;
    2892 : 072D;
    2893 : 072D;
    2894 : 072D;
    2895 : 072D;
    2896 : 072D;
    2897 : 072D;
    2898 : 072D;
    2899 : 072D;
    2900 : 072D;
    2901 : 077C;
    2902 : 0720;
    2903 : 0720;
    2904 : 077C;
    2905 : 0720;
    2906 : 0720;
    2907 : 0720;
    2908 : 0720;
    2909 : 0720;
    2910 : 077C;
    2911 : 074F;
    2912 : 0770;
    2913 : 0763;
    2914 : 076F;
    2915 : 0764;
    2916 : 0765;
    2917 : 0720;
    2918 : 073A;
    2919 : 0720;
    2920 : 0F30;
    2921 : 0F30;
    2922 : 0720;
    2923 : 0720;
    2924 : 0746;
    2925 : 0775;
    2926 : 076E;
    2927 : 0763;
    2928 : 0774;
    2929 : 0733;
    2930 : 0720;
    2931 : 073A;
    2932 : 0720;
    2933 : 0F30;
    2934 : 0720;
    2935 : 0720;
    2936 : 0720;
    2937 : 077C;
    2938 : 0720;
    2939 : 0720;
    2940 : 077C;
    2941 : 072D;
    2942 : 072D;
    2943 : 072D;
    2944 : 072D;
    2945 : 072D;
    2946 : 072D;
    2947 : 072D;
    2948 : 072D;
    2949 : 072D;
    2950 : 072D;
    2951 : 072D;
    2952 : 075E;
    2953 : 072D;
    2954 : 072D;
    2955 : 072D;
    2956 : 072D;
    2957 : 072D;
    2958 : 072D;
    2959 : 072D;
    2960 : 072D;
    2961 : 072D;
    2962 : 072D;
    2963 : 077C;
    2964 : 0720;
    2965 : 0720;
    2966 : 077C;
    2967 : 0758;
    2968 : 0739;
    2969 : 0720;
    2970 : 073A;
    2971 : 0720;
    2972 : 0F30;
    2973 : 0F30;
    2974 : 0F30;
    2975 : 0F30;
    2976 : 0F30;
    2977 : 0F30;
    2978 : 0F30;
    2979 : 0F30;
    2980 : 0720;
    2981 : 077C;
    2982 : 0F30;
    2983 : 0F30;
    2984 : 0F30;
    2985 : 0F30;
    2986 : 073A;
    2987 : 0720;
    2988 : 0F30;
    2989 : 0F30;
    2990 : 0F30;
    2991 : 0F30;
    2992 : 0F30;
    2993 : 0F30;
    2994 : 0F30;
    2995 : 0F30;
    2996 : 0720;
    2997 : 077C;
    2998 : 0F30;
    2999 : 0F30;
    3000 : 0F30;
    3001 : 0F30;
    3002 : 073A;
    3003 : 0720;
    3004 : 0F30;
    3005 : 0F30;
    3006 : 0F30;
    3007 : 0F30;
    3008 : 0F30;
    3009 : 0F30;
    3010 : 0F30;
    3011 : 0F30;
    3012 : 0720;
    3013 : 077C;
    3014 : 0720;
    3015 : 077C;
    3016 : 0720;
    3017 : 0720;
    3018 : 0720;
    3019 : 0720;
    3020 : 0720;
    3021 : 0720;
    3022 : 0720;
    3023 : 0720;
    3024 : 0720;
    3025 : 0720;
    3026 : 0720;
    3027 : 0720;
    3028 : 0720;
    3029 : 0720;
    3030 : 0720;
    3031 : 0720;
    3032 : 0720;
    3033 : 0720;
    3034 : 0720;
    3035 : 0720;
    3036 : 0720;
    3037 : 0720;
    3038 : 077C;
    3039 : 0720;
    3040 : 0720;
    3041 : 077C;
    3042 : 0749;
    3043 : 0746;
    3044 : 072F;
    3045 : 0749;
    3046 : 0744;
    3047 : 0720;
    3048 : 0720;
    3049 : 0720;
    3050 : 0720;
    3051 : 0720;
    3052 : 0720;
    3053 : 0720;
    3054 : 0720;
    3055 : 0720;
    3056 : 0720;
    3057 : 0720;
    3058 : 0720;
    3059 : 0720;
    3060 : 0720;
    3061 : 077C;
    3062 : 0720;
    3063 : 0720;
    3064 : 077C;
    3065 : 0720;
    3066 : 0720;
    3067 : 0720;
    3068 : 0720;
    3069 : 0720;
    3070 : 077C;
    3071 : 0746;
    3072 : 0775;
    3073 : 076E;
    3074 : 0763;
    3075 : 0774;
    3076 : 0737;
    3077 : 0720;
    3078 : 073A;
    3079 : 0720;
    3080 : 0F30;
    3081 : 0F30;
    3082 : 0720;
    3083 : 0720;
    3084 : 0720;
    3085 : 0720;
    3086 : 0720;
    3087 : 0720;
    3088 : 0720;
    3089 : 0720;
    3090 : 0720;
    3091 : 0720;
    3092 : 0720;
    3093 : 0720;
    3094 : 0720;
    3095 : 0720;
    3096 : 0720;
    3097 : 077C;
    3098 : 0720;
    3099 : 0720;
    3100 : 0720;
    3101 : 0720;
    3102 : 0720;
    3103 : 0720;
    3104 : 0720;
    3105 : 0720;
    3106 : 0720;
    3107 : 0720;
    3108 : 0720;
    3109 : 0720;
    3110 : 0720;
    3111 : 0720;
    3112 : 075E;
    3113 : 0720;
    3114 : 0720;
    3115 : 0720;
    3116 : 0720;
    3117 : 0720;
    3118 : 0720;
    3119 : 0720;
    3120 : 0720;
    3121 : 0720;
    3122 : 0720;
    3123 : 0720;
    3124 : 0720;
    3125 : 0720;
    3126 : 077C;
    3127 : 0758;
    3128 : 0731;
    3129 : 0730;
    3130 : 073A;
    3131 : 0720;
    3132 : 0F30;
    3133 : 0F30;
    3134 : 0F30;
    3135 : 0F30;
    3136 : 0F30;
    3137 : 0F30;
    3138 : 0F30;
    3139 : 0F30;
    3140 : 0720;
    3141 : 077C;
    3142 : 0F30;
    3143 : 0F30;
    3144 : 0F30;
    3145 : 0F30;
    3146 : 073A;
    3147 : 0720;
    3148 : 0F30;
    3149 : 0F30;
    3150 : 0F30;
    3151 : 0F30;
    3152 : 0F30;
    3153 : 0F30;
    3154 : 0F30;
    3155 : 0F30;
    3156 : 0720;
    3157 : 077C;
    3158 : 0F30;
    3159 : 0F30;
    3160 : 0F30;
    3161 : 0F30;
    3162 : 073A;
    3163 : 0720;
    3164 : 0F30;
    3165 : 0F30;
    3166 : 0F30;
    3167 : 0F30;
    3168 : 0F30;
    3169 : 0F30;
    3170 : 0F30;
    3171 : 0F30;
    3172 : 0720;
    3173 : 077C;
    3174 : 0720;
    3175 : 077C;
    3176 : 072D;
    3177 : 072D;
    3178 : 072D;
    3179 : 072D;
    3180 : 072D;
    3181 : 072D;
    3182 : 072D;
    3183 : 072D;
    3184 : 072D;
    3185 : 072D;
    3186 : 072D;
    3187 : 072D;
    3188 : 072D;
    3189 : 072D;
    3190 : 072D;
    3191 : 072D;
    3192 : 072D;
    3193 : 072D;
    3194 : 072D;
    3195 : 072D;
    3196 : 072D;
    3197 : 072D;
    3198 : 077C;
    3199 : 0720;
    3200 : 0720;
    3201 : 077C;
    3202 : 072D;
    3203 : 072D;
    3204 : 072D;
    3205 : 072D;
    3206 : 072D;
    3207 : 072D;
    3208 : 072D;
    3209 : 072D;
    3210 : 072D;
    3211 : 072D;
    3212 : 072D;
    3213 : 072D;
    3214 : 072D;
    3215 : 072D;
    3216 : 072D;
    3217 : 072D;
    3218 : 072D;
    3219 : 072D;
    3220 : 072D;
    3221 : 077C;
    3222 : 0720;
    3223 : 0720;
    3224 : 077C;
    3225 : 0720;
    3226 : 0720;
    3227 : 0720;
    3228 : 0720;
    3229 : 0720;
    3230 : 077C;
    3231 : 072D;
    3232 : 072D;
    3233 : 072D;
    3234 : 072D;
    3235 : 072D;
    3236 : 072D;
    3237 : 072D;
    3238 : 072D;
    3239 : 072D;
    3240 : 072D;
    3241 : 072D;
    3242 : 072D;
    3243 : 072D;
    3244 : 072D;
    3245 : 072D;
    3246 : 072D;
    3247 : 072D;
    3248 : 072D;
    3249 : 072D;
    3250 : 072D;
    3251 : 072D;
    3252 : 072D;
    3253 : 072D;
    3254 : 072D;
    3255 : 072D;
    3256 : 072D;
    3257 : 077C;
    3258 : 0720;
    3259 : 0720;
    3260 : 0720;
    3261 : 0720;
    3262 : 0720;
    3263 : 0720;
    3264 : 0720;
    3265 : 0720;
    3266 : 0720;
    3267 : 0720;
    3268 : 0720;
    3269 : 0720;
    3270 : 0720;
    3271 : 0720;
    3272 : 077C;
    3273 : 0720;
    3274 : 0720;
    3275 : 0720;
    3276 : 0720;
    3277 : 0720;
    3278 : 0720;
    3279 : 0720;
    3280 : 0720;
    3281 : 0720;
    3282 : 0720;
    3283 : 0720;
    3284 : 0720;
    3285 : 0720;
    3286 : 077C;
    3287 : 0758;
    3288 : 0731;
    3289 : 0731;
    3290 : 073A;
    3291 : 0720;
    3292 : 0F30;
    3293 : 0F30;
    3294 : 0F30;
    3295 : 0F30;
    3296 : 0F30;
    3297 : 0F30;
    3298 : 0F30;
    3299 : 0F30;
    3300 : 0720;
    3301 : 077C;
    3302 : 0F30;
    3303 : 0F30;
    3304 : 0F30;
    3305 : 0F30;
    3306 : 073A;
    3307 : 0720;
    3308 : 0F30;
    3309 : 0F30;
    3310 : 0F30;
    3311 : 0F30;
    3312 : 0F30;
    3313 : 0F30;
    3314 : 0F30;
    3315 : 0F30;
    3316 : 0720;
    3317 : 077C;
    3318 : 0F30;
    3319 : 0F30;
    3320 : 0F30;
    3321 : 0F30;
    3322 : 073A;
    3323 : 0720;
    3324 : 0F30;
    3325 : 0F30;
    3326 : 0F30;
    3327 : 0F30;
    3328 : 0F30;
    3329 : 0F30;
    3330 : 0F30;
    3331 : 0F30;
    3332 : 0720;
    3333 : 077C;
    3334 : 0720;
    3335 : 077C;
    3336 : 0720;
    3337 : 0753;
    3338 : 0757;
    3339 : 0749;
    3340 : 0754;
    3341 : 0743;
    3342 : 0748;
    3343 : 0720;
    3344 : 0720;
    3345 : 0720;
    3346 : 0720;
    3347 : 0750;
    3348 : 0772;
    3349 : 076F;
    3350 : 0767;
    3351 : 0772;
    3352 : 0761;
    3353 : 076D;
    3354 : 0720;
    3355 : 0720;
    3356 : 0720;
    3357 : 0720;
    3358 : 077C;
    3359 : 0720;
    3360 : 0720;
    3361 : 077C;
    3362 : 0749;
    3363 : 0744;
    3364 : 075F;
    3365 : 0750;
    3366 : 0743;
    3367 : 073A;
    3368 : 0720;
    3369 : 0720;
    3370 : 0720;
    3371 : 0720;
    3372 : 0F30;
    3373 : 0F30;
    3374 : 0F30;
    3375 : 0F30;
    3376 : 0F30;
    3377 : 0F30;
    3378 : 0F30;
    3379 : 0F30;
    3380 : 0720;
    3381 : 077C;
    3382 : 072D;
    3383 : 072D;
    3384 : 077C;
    3385 : 0720;
    3386 : 0720;
    3387 : 0720;
    3388 : 0720;
    3389 : 0720;
    3390 : 0720;
    3391 : 0720;
    3392 : 0720;
    3393 : 0720;
    3394 : 0720;
    3395 : 0720;
    3396 : 0720;
    3397 : 0720;
    3398 : 0720;
    3399 : 0720;
    3400 : 0720;
    3401 : 0720;
    3402 : 0720;
    3403 : 077C;
    3404 : 0720;
    3405 : 0720;
    3406 : 0720;
    3407 : 0720;
    3408 : 0720;
    3409 : 0720;
    3410 : 0720;
    3411 : 0720;
    3412 : 0720;
    3413 : 0720;
    3414 : 0720;
    3415 : 0720;
    3416 : 0720;
    3417 : 0720;
    3418 : 0720;
    3419 : 0720;
    3420 : 0720;
    3421 : 0720;
    3422 : 0720;
    3423 : 0720;
    3424 : 0720;
    3425 : 0720;
    3426 : 0720;
    3427 : 0720;
    3428 : 0720;
    3429 : 0720;
    3430 : 0720;
    3431 : 0720;
    3432 : 077C;
    3433 : 0720;
    3434 : 0720;
    3435 : 0720;
    3436 : 0720;
    3437 : 0720;
    3438 : 0720;
    3439 : 0720;
    3440 : 0720;
    3441 : 0720;
    3442 : 0720;
    3443 : 0720;
    3444 : 0720;
    3445 : 0720;
    3446 : 077C;
    3447 : 0758;
    3448 : 0731;
    3449 : 0732;
    3450 : 073A;
    3451 : 0720;
    3452 : 0F30;
    3453 : 0F30;
    3454 : 0F30;
    3455 : 0F30;
    3456 : 0F30;
    3457 : 0F30;
    3458 : 0F30;
    3459 : 0F30;
    3460 : 0720;
    3461 : 077C;
    3462 : 0F30;
    3463 : 0F30;
    3464 : 0F30;
    3465 : 0F30;
    3466 : 073A;
    3467 : 0720;
    3468 : 0F30;
    3469 : 0F30;
    3470 : 0F30;
    3471 : 0F30;
    3472 : 0F30;
    3473 : 0F30;
    3474 : 0F30;
    3475 : 0F30;
    3476 : 0720;
    3477 : 077C;
    3478 : 0F30;
    3479 : 0F30;
    3480 : 0F30;
    3481 : 0F30;
    3482 : 073A;
    3483 : 0720;
    3484 : 0F30;
    3485 : 0F30;
    3486 : 0F30;
    3487 : 0F30;
    3488 : 0F30;
    3489 : 0F30;
    3490 : 0F30;
    3491 : 0F30;
    3492 : 0720;
    3493 : 077C;
    3494 : 0720;
    3495 : 077C;
    3496 : 0720;
    3497 : 0730;
    3498 : 077C;
    3499 : 0731;
    3500 : 077C;
    3501 : 0732;
    3502 : 077C;
    3503 : 0733;
    3504 : 077C;
    3505 : 0720;
    3506 : 0720;
    3507 : 0720;
    3508 : 0720;
    3509 : 0720;
    3510 : 0720;
    3511 : 0720;
    3512 : 0720;
    3513 : 0720;
    3514 : 0720;
    3515 : 0720;
    3516 : 0720;
    3517 : 0720;
    3518 : 077C;
    3519 : 0720;
    3520 : 0720;
    3521 : 077C;
    3522 : 0749;
    3523 : 0744;
    3524 : 075F;
    3525 : 0749;
    3526 : 076E;
    3527 : 0773;
    3528 : 0774;
    3529 : 0772;
    3530 : 073A;
    3531 : 0720;
    3532 : 0F30;
    3533 : 0F30;
    3534 : 0F30;
    3535 : 0F30;
    3536 : 0F30;
    3537 : 0F30;
    3538 : 0F30;
    3539 : 0F30;
    3540 : 0720;
    3541 : 077C;
    3542 : 0720;
    3543 : 0720;
    3544 : 0720;
    3545 : 0720;
    3546 : 0720;
    3547 : 0720;
    3548 : 0720;
    3549 : 0720;
    3550 : 0720;
    3551 : 0720;
    3552 : 0720;
    3553 : 0720;
    3554 : 0720;
    3555 : 0720;
    3556 : 0720;
    3557 : 0720;
    3558 : 0720;
    3559 : 0720;
    3560 : 0720;
    3561 : 0720;
    3562 : 0720;
    3563 : 077C;
    3564 : 0720;
    3565 : 0720;
    3566 : 0720;
    3567 : 0720;
    3568 : 0720;
    3569 : 0720;
    3570 : 0720;
    3571 : 0720;
    3572 : 0720;
    3573 : 0720;
    3574 : 0720;
    3575 : 0720;
    3576 : 0720;
    3577 : 0720;
    3578 : 0720;
    3579 : 0720;
    3580 : 0720;
    3581 : 0720;
    3582 : 0720;
    3583 : 0720;
    3584 : 0720;
    3585 : 0720;
    3586 : 0720;
    3587 : 0720;
    3588 : 0720;
    3589 : 0720;
    3590 : 0720;
    3591 : 0720;
    3592 : 077C;
    3593 : 0720;
    3594 : 0720;
    3595 : 0720;
    3596 : 0720;
    3597 : 0720;
    3598 : 0720;
    3599 : 0720;
    3600 : 0720;
    3601 : 0720;
    3602 : 0720;
    3603 : 0720;
    3604 : 0720;
    3605 : 0720;
    3606 : 077C;
    3607 : 0758;
    3608 : 0731;
    3609 : 0733;
    3610 : 073A;
    3611 : 0720;
    3612 : 0F30;
    3613 : 0F30;
    3614 : 0F30;
    3615 : 0F30;
    3616 : 0F30;
    3617 : 0F30;
    3618 : 0F30;
    3619 : 0F30;
    3620 : 0720;
    3621 : 077C;
    3622 : 0F30;
    3623 : 0F30;
    3624 : 0F30;
    3625 : 0F30;
    3626 : 073A;
    3627 : 0720;
    3628 : 0F30;
    3629 : 0F30;
    3630 : 0F30;
    3631 : 0F30;
    3632 : 0F30;
    3633 : 0F30;
    3634 : 0F30;
    3635 : 0F30;
    3636 : 0720;
    3637 : 077C;
    3638 : 0F30;
    3639 : 0F30;
    3640 : 0F30;
    3641 : 0F30;
    3642 : 073A;
    3643 : 0720;
    3644 : 0F30;
    3645 : 0F30;
    3646 : 0F30;
    3647 : 0F30;
    3648 : 0F30;
    3649 : 0F30;
    3650 : 0F30;
    3651 : 0F30;
    3652 : 0720;
    3653 : 077C;
    3654 : 0720;
    3655 : 077C;
    3656 : 072D;
    3657 : 072D;
    3658 : 072D;
    3659 : 072D;
    3660 : 072D;
    3661 : 072D;
    3662 : 072D;
    3663 : 072D;
    3664 : 072D;
    3665 : 072D;
    3666 : 072D;
    3667 : 072D;
    3668 : 072D;
    3669 : 072D;
    3670 : 072D;
    3671 : 072D;
    3672 : 072D;
    3673 : 072D;
    3674 : 072D;
    3675 : 072D;
    3676 : 072D;
    3677 : 072D;
    3678 : 077C;
    3679 : 0720;
    3680 : 0720;
    3681 : 077C;
    3682 : 0720;
    3683 : 0720;
    3684 : 0720;
    3685 : 0720;
    3686 : 0720;
    3687 : 0720;
    3688 : 0720;
    3689 : 0720;
    3690 : 0720;
    3691 : 0720;
    3692 : 0720;
    3693 : 0720;
    3694 : 0720;
    3695 : 0720;
    3696 : 0720;
    3697 : 0720;
    3698 : 0720;
    3699 : 0720;
    3700 : 0720;
    3701 : 077C;
    3702 : 0720;
    3703 : 0720;
    3704 : 0720;
    3705 : 0720;
    3706 : 0720;
    3707 : 0720;
    3708 : 0720;
    3709 : 0720;
    3710 : 0720;
    3711 : 0720;
    3712 : 0720;
    3713 : 0720;
    3714 : 0720;
    3715 : 0720;
    3716 : 0720;
    3717 : 0720;
    3718 : 0720;
    3719 : 0720;
    3720 : 0720;
    3721 : 0720;
    3722 : 0720;
    3723 : 077C;
    3724 : 0720;
    3725 : 0720;
    3726 : 0720;
    3727 : 0720;
    3728 : 0720;
    3729 : 0720;
    3730 : 0720;
    3731 : 0720;
    3732 : 0720;
    3733 : 0720;
    3734 : 0720;
    3735 : 0720;
    3736 : 0720;
    3737 : 0720;
    3738 : 0720;
    3739 : 0720;
    3740 : 0720;
    3741 : 0720;
    3742 : 0720;
    3743 : 0720;
    3744 : 0720;
    3745 : 0720;
    3746 : 0720;
    3747 : 0720;
    3748 : 0720;
    3749 : 0720;
    3750 : 0720;
    3751 : 0720;
    3752 : 077C;
    3753 : 0720;
    3754 : 0720;
    3755 : 0720;
    3756 : 0720;
    3757 : 0720;
    3758 : 0720;
    3759 : 0720;
    3760 : 0720;
    3761 : 0720;
    3762 : 0720;
    3763 : 0720;
    3764 : 0720;
    3765 : 0720;
    3766 : 077C;
    3767 : 0758;
    3768 : 0731;
    3769 : 0734;
    3770 : 073A;
    3771 : 0720;
    3772 : 0F30;
    3773 : 0F30;
    3774 : 0F30;
    3775 : 0F30;
    3776 : 0F30;
    3777 : 0F30;
    3778 : 0F30;
    3779 : 0F30;
    3780 : 0720;
    3781 : 077C;
    3782 : 0F30;
    3783 : 0F30;
    3784 : 0F30;
    3785 : 0F30;
    3786 : 073A;
    3787 : 0720;
    3788 : 0F30;
    3789 : 0F30;
    3790 : 0F30;
    3791 : 0F30;
    3792 : 0F30;
    3793 : 0F30;
    3794 : 0F30;
    3795 : 0F30;
    3796 : 0720;
    3797 : 077C;
    3798 : 0F30;
    3799 : 0F30;
    3800 : 0F30;
    3801 : 0F30;
    3802 : 073A;
    3803 : 0720;
    3804 : 0F30;
    3805 : 0F30;
    3806 : 0F30;
    3807 : 0F30;
    3808 : 0F30;
    3809 : 0F30;
    3810 : 0F30;
    3811 : 0F30;
    3812 : 0720;
    3813 : 077C;
    3814 : 0720;
    3815 : 077C;
    3816 : 0720;
    3817 : 0730;
    3818 : 077C;
    3819 : 0730;
    3820 : 077C;
    3821 : 0730;
    3822 : 077C;
    3823 : 0730;
    3824 : 077C;
    3825 : 0720;
    3826 : 0720;
    3827 : 0741;
    3828 : 074C;
    3829 : 0755;
    3830 : 0720;
    3831 : 0774;
    3832 : 0765;
    3833 : 0773;
    3834 : 0774;
    3835 : 0720;
    3836 : 0720;
    3837 : 0720;
    3838 : 077C;
    3839 : 0720;
    3840 : 0720;
    3841 : 077C;
    3842 : 0720;
    3843 : 0720;
    3844 : 0720;
    3845 : 0720;
    3846 : 0720;
    3847 : 0720;
    3848 : 0720;
    3849 : 0720;
    3850 : 0720;
    3851 : 0720;
    3852 : 0720;
    3853 : 0720;
    3854 : 0720;
    3855 : 0720;
    3856 : 0720;
    3857 : 0720;
    3858 : 0720;
    3859 : 0720;
    3860 : 0720;
    3861 : 077C;
    3862 : 0720;
    3863 : 0720;
    3864 : 0720;
    3865 : 0720;
    3866 : 0720;
    3867 : 0720;
    3868 : 0720;
    3869 : 0720;
    3870 : 0720;
    3871 : 0720;
    3872 : 0720;
    3873 : 0720;
    3874 : 0720;
    3875 : 0720;
    3876 : 0720;
    3877 : 0720;
    3878 : 0720;
    3879 : 0720;
    3880 : 0720;
    3881 : 0720;
    3882 : 0720;
    3883 : 0776;
    3884 : 0720;
    3885 : 0720;
    3886 : 0720;
    3887 : 0720;
    3888 : 0720;
    3889 : 0720;
    3890 : 0720;
    3891 : 0720;
    3892 : 0720;
    3893 : 0720;
    3894 : 0720;
    3895 : 0720;
    3896 : 0720;
    3897 : 0720;
    3898 : 0720;
    3899 : 0720;
    3900 : 0720;
    3901 : 077C;
    3902 : 072D;
    3903 : 072D;
    3904 : 072D;
    3905 : 072D;
    3906 : 072D;
    3907 : 072D;
    3908 : 072D;
    3909 : 072D;
    3910 : 072D;
    3911 : 072D;
    3912 : 072D;
    3913 : 072D;
    3914 : 072D;
    3915 : 072D;
    3916 : 072D;
    3917 : 072D;
    3918 : 072D;
    3919 : 072D;
    3920 : 072D;
    3921 : 072D;
    3922 : 077C;
    3923 : 0720;
    3924 : 0720;
    3925 : 0720;
    3926 : 077C;
    3927 : 0758;
    3928 : 0731;
    3929 : 0735;
    3930 : 073A;
    3931 : 0720;
    3932 : 0F30;
    3933 : 0F30;
    3934 : 0F30;
    3935 : 0F30;
    3936 : 0F30;
    3937 : 0F30;
    3938 : 0F30;
    3939 : 0F30;
    3940 : 0720;
    3941 : 077C;
    3942 : 0F30;
    3943 : 0F30;
    3944 : 0F30;
    3945 : 0F30;
    3946 : 073A;
    3947 : 0720;
    3948 : 0F30;
    3949 : 0F30;
    3950 : 0F30;
    3951 : 0F30;
    3952 : 0F30;
    3953 : 0F30;
    3954 : 0F30;
    3955 : 0F30;
    3956 : 0720;
    3957 : 077C;
    3958 : 0F30;
    3959 : 0F30;
    3960 : 0F30;
    3961 : 0F30;
    3962 : 073A;
    3963 : 0720;
    3964 : 0F30;
    3965 : 0F30;
    3966 : 0F30;
    3967 : 0F30;
    3968 : 0F30;
    3969 : 0F30;
    3970 : 0F30;
    3971 : 0F30;
    3972 : 0720;
    3973 : 077C;
    3974 : 0720;
    3975 : 077C;
    3976 : 0720;
    3977 : 0730;
    3978 : 077C;
    3979 : 0730;
    3980 : 077C;
    3981 : 0730;
    3982 : 077C;
    3983 : 0731;
    3984 : 077C;
    3985 : 0720;
    3986 : 0720;
    3987 : 0746;
    3988 : 0769;
    3989 : 0762;
    3990 : 076F;
    3991 : 076E;
    3992 : 0761;
    3993 : 0763;
    3994 : 0763;
    3995 : 0769;
    3996 : 0720;
    3997 : 0720;
    3998 : 077C;
    3999 : 0720;
    4000 : 0720;
    4001 : 077C;
    4002 : 072D;
    4003 : 072D;
    4004 : 072D;
    4005 : 072D;
    4006 : 072D;
    4007 : 072D;
    4008 : 072D;
    4009 : 072D;
    4010 : 072D;
    4011 : 072D;
    4012 : 075E;
    4013 : 072D;
    4014 : 072D;
    4015 : 072D;
    4016 : 072D;
    4017 : 072D;
    4018 : 072D;
    4019 : 072D;
    4020 : 072D;
    4021 : 077C;
    4022 : 0720;
    4023 : 0720;
    4024 : 0720;
    4025 : 0720;
    4026 : 0720;
    4027 : 0720;
    4028 : 0720;
    4029 : 0720;
    4030 : 0720;
    4031 : 077C;
    4032 : 072D;
    4033 : 072D;
    4034 : 072D;
    4035 : 072D;
    4036 : 072D;
    4037 : 072D;
    4038 : 072D;
    4039 : 072D;
    4040 : 072D;
    4041 : 072D;
    4042 : 072D;
    4043 : 072D;
    4044 : 072D;
    4045 : 072D;
    4046 : 072D;
    4047 : 072D;
    4048 : 072D;
    4049 : 072D;
    4050 : 072D;
    4051 : 072D;
    4052 : 072D;
    4053 : 072D;
    4054 : 072D;
    4055 : 077C;
    4056 : 0720;
    4057 : 0720;
    4058 : 0720;
    4059 : 0720;
    4060 : 0720;
    4061 : 077C;
    4062 : 074D;
    4063 : 0745;
    4064 : 074D;
    4065 : 074F;
    4066 : 0752;
    4067 : 0759;
    4068 : 0720;
    4069 : 0728;
    4070 : 074D;
    4071 : 0745;
    4072 : 074D;
    4073 : 0729;
    4074 : 0720;
    4075 : 0720;
    4076 : 0720;
    4077 : 0720;
    4078 : 0720;
    4079 : 0720;
    4080 : 0720;
    4081 : 0720;
    4082 : 077C;
    4083 : 0720;
    4084 : 0720;
    4085 : 0720;
    4086 : 077C;
    4087 : 0758;
    4088 : 0731;
    4089 : 0736;
    4090 : 073A;
    4091 : 0720;
    4092 : 0F30;
    4093 : 0F30;
    4094 : 0F30;
    4095 : 0F30;
    4096 : 0F30;
    4097 : 0F30;
    4098 : 0F30;
    4099 : 0F30;
    4100 : 0720;
    4101 : 077C;
    4102 : 0F30;
    4103 : 0F30;
    4104 : 0F30;
    4105 : 0F30;
    4106 : 073A;
    4107 : 0720;
    4108 : 0F30;
    4109 : 0F30;
    4110 : 0F30;
    4111 : 0F30;
    4112 : 0F30;
    4113 : 0F30;
    4114 : 0F30;
    4115 : 0F30;
    4116 : 0720;
    4117 : 077C;
    4118 : 0F30;
    4119 : 0F30;
    4120 : 0F30;
    4121 : 0F30;
    4122 : 073A;
    4123 : 0720;
    4124 : 0F30;
    4125 : 0F30;
    4126 : 0F30;
    4127 : 0F30;
    4128 : 0F30;
    4129 : 0F30;
    4130 : 0F30;
    4131 : 0F30;
    4132 : 0720;
    4133 : 077C;
    4134 : 0720;
    4135 : 077C;
    4136 : 0720;
    4137 : 0730;
    4138 : 077C;
    4139 : 0730;
    4140 : 077C;
    4141 : 0731;
    4142 : 077C;
    4143 : 0730;
    4144 : 077C;
    4145 : 0720;
    4146 : 0720;
    4147 : 0741;
    4148 : 074C;
    4149 : 0755;
    4150 : 0720;
    4151 : 0763;
    4152 : 076F;
    4153 : 0772;
    4154 : 076E;
    4155 : 0765;
    4156 : 0772;
    4157 : 0720;
    4158 : 077C;
    4159 : 0720;
    4160 : 0720;
    4161 : 0720;
    4162 : 0720;
    4163 : 0720;
    4164 : 0720;
    4165 : 0720;
    4166 : 0720;
    4167 : 0720;
    4168 : 0720;
    4169 : 0720;
    4170 : 0720;
    4171 : 0720;
    4172 : 0720;
    4173 : 0720;
    4174 : 0720;
    4175 : 0720;
    4176 : 0720;
    4177 : 0720;
    4178 : 0720;
    4179 : 0720;
    4180 : 0720;
    4181 : 0720;
    4182 : 0720;
    4183 : 0720;
    4184 : 0720;
    4185 : 0720;
    4186 : 0720;
    4187 : 0720;
    4188 : 0720;
    4189 : 0720;
    4190 : 0720;
    4191 : 077C;
    4192 : 0749;
    4193 : 0744;
    4194 : 072F;
    4195 : 0745;
    4196 : 0758;
    4197 : 0720;
    4198 : 0720;
    4199 : 0720;
    4200 : 0720;
    4201 : 0720;
    4202 : 0720;
    4203 : 0720;
    4204 : 0720;
    4205 : 0720;
    4206 : 0720;
    4207 : 0720;
    4208 : 0720;
    4209 : 0720;
    4210 : 0720;
    4211 : 0720;
    4212 : 0720;
    4213 : 0720;
    4214 : 0720;
    4215 : 077C;
    4216 : 0720;
    4217 : 0720;
    4218 : 0720;
    4219 : 0720;
    4220 : 0720;
    4221 : 077C;
    4222 : 072D;
    4223 : 072D;
    4224 : 072D;
    4225 : 072D;
    4226 : 072D;
    4227 : 072D;
    4228 : 072D;
    4229 : 072D;
    4230 : 072D;
    4231 : 072D;
    4232 : 072D;
    4233 : 072D;
    4234 : 072D;
    4235 : 072D;
    4236 : 072D;
    4237 : 072D;
    4238 : 072D;
    4239 : 072D;
    4240 : 072D;
    4241 : 072D;
    4242 : 077C;
    4243 : 0720;
    4244 : 0720;
    4245 : 0720;
    4246 : 077C;
    4247 : 0758;
    4248 : 0731;
    4249 : 0737;
    4250 : 073A;
    4251 : 0720;
    4252 : 0F30;
    4253 : 0F30;
    4254 : 0F30;
    4255 : 0F30;
    4256 : 0F30;
    4257 : 0F30;
    4258 : 0F30;
    4259 : 0F30;
    4260 : 0720;
    4261 : 077C;
    4262 : 0F30;
    4263 : 0F30;
    4264 : 0F30;
    4265 : 0F30;
    4266 : 073A;
    4267 : 0720;
    4268 : 0F30;
    4269 : 0F30;
    4270 : 0F30;
    4271 : 0F30;
    4272 : 0F30;
    4273 : 0F30;
    4274 : 0F30;
    4275 : 0F30;
    4276 : 0720;
    4277 : 077C;
    4278 : 0F30;
    4279 : 0F30;
    4280 : 0F30;
    4281 : 0F30;
    4282 : 073A;
    4283 : 0720;
    4284 : 0F30;
    4285 : 0F30;
    4286 : 0F30;
    4287 : 0F30;
    4288 : 0F30;
    4289 : 0F30;
    4290 : 0F30;
    4291 : 0F30;
    4292 : 0720;
    4293 : 077C;
    4294 : 0720;
    4295 : 077C;
    4296 : 0720;
    4297 : 0730;
    4298 : 077C;
    4299 : 0730;
    4300 : 077C;
    4301 : 0731;
    4302 : 077C;
    4303 : 0731;
    4304 : 077C;
    4305 : 0720;
    4306 : 0720;
    4307 : 0746;
    4308 : 0761;
    4309 : 0763;
    4310 : 0774;
    4311 : 076F;
    4312 : 0772;
    4313 : 0769;
    4314 : 0761;
    4315 : 076C;
    4316 : 0720;
    4317 : 0720;
    4318 : 077C;
    4319 : 0720;
    4320 : 0720;
    4321 : 0720;
    4322 : 0720;
    4323 : 0720;
    4324 : 0720;
    4325 : 0720;
    4326 : 0720;
    4327 : 0720;
    4328 : 0720;
    4329 : 0720;
    4330 : 0720;
    4331 : 0720;
    4332 : 0720;
    4333 : 0720;
    4334 : 0720;
    4335 : 0720;
    4336 : 0720;
    4337 : 0720;
    4338 : 0720;
    4339 : 0720;
    4340 : 0720;
    4341 : 0720;
    4342 : 0720;
    4343 : 0720;
    4344 : 0720;
    4345 : 0720;
    4346 : 0720;
    4347 : 0720;
    4348 : 0720;
    4349 : 0720;
    4350 : 0720;
    4351 : 077C;
    4352 : 072D;
    4353 : 072D;
    4354 : 072D;
    4355 : 072D;
    4356 : 072D;
    4357 : 072D;
    4358 : 072D;
    4359 : 072D;
    4360 : 072D;
    4361 : 072D;
    4362 : 072D;
    4363 : 072D;
    4364 : 072D;
    4365 : 072D;
    4366 : 072D;
    4367 : 072D;
    4368 : 072D;
    4369 : 072D;
    4370 : 072D;
    4371 : 072D;
    4372 : 072D;
    4373 : 072D;
    4374 : 072D;
    4375 : 077C;
    4376 : 0720;
    4377 : 0720;
    4378 : 0720;
    4379 : 0720;
    4380 : 0720;
    4381 : 077C;
    4382 : 0741;
    4383 : 0764;
    4384 : 0764;
    4385 : 0772;
    4386 : 0765;
    4387 : 0773;
    4388 : 0773;
    4389 : 073A;
    4390 : 0720;
    4391 : 0720;
    4392 : 0720;
    4393 : 0F30;
    4394 : 0F30;
    4395 : 0F30;
    4396 : 0F30;
    4397 : 0F30;
    4398 : 0F30;
    4399 : 0F30;
    4400 : 0F30;
    4401 : 0720;
    4402 : 077C;
    4403 : 0720;
    4404 : 0720;
    4405 : 0720;
    4406 : 077C;
    4407 : 0758;
    4408 : 0731;
    4409 : 0738;
    4410 : 073A;
    4411 : 0720;
    4412 : 0F30;
    4413 : 0F30;
    4414 : 0F30;
    4415 : 0F30;
    4416 : 0F30;
    4417 : 0F30;
    4418 : 0F30;
    4419 : 0F30;
    4420 : 0720;
    4421 : 077C;
    4422 : 0F30;
    4423 : 0F30;
    4424 : 0F30;
    4425 : 0F30;
    4426 : 073A;
    4427 : 0720;
    4428 : 0F30;
    4429 : 0F30;
    4430 : 0F30;
    4431 : 0F30;
    4432 : 0F30;
    4433 : 0F30;
    4434 : 0F30;
    4435 : 0F30;
    4436 : 0720;
    4437 : 077C;
    4438 : 0F30;
    4439 : 0F30;
    4440 : 0F30;
    4441 : 0F30;
    4442 : 073A;
    4443 : 0720;
    4444 : 0F30;
    4445 : 0F30;
    4446 : 0F30;
    4447 : 0F30;
    4448 : 0F30;
    4449 : 0F30;
    4450 : 0F30;
    4451 : 0F30;
    4452 : 0720;
    4453 : 077C;
    4454 : 0720;
    4455 : 077C;
    4456 : 0720;
    4457 : 0730;
    4458 : 077C;
    4459 : 0731;
    4460 : 077C;
    4461 : 0730;
    4462 : 077C;
    4463 : 0730;
    4464 : 077C;
    4465 : 0720;
    4466 : 0720;
    4467 : 074D;
    4468 : 0761;
    4469 : 0778;
    4470 : 0741;
    4471 : 0772;
    4472 : 0772;
    4473 : 0761;
    4474 : 0779;
    4475 : 0720;
    4476 : 0720;
    4477 : 0720;
    4478 : 077C;
    4479 : 0720;
    4480 : 0720;
    4481 : 0720;
    4482 : 077C;
    4483 : 072D;
    4484 : 072D;
    4485 : 072D;
    4486 : 072D;
    4487 : 072D;
    4488 : 072D;
    4489 : 072D;
    4490 : 072D;
    4491 : 072D;
    4492 : 072D;
    4493 : 072D;
    4494 : 072D;
    4495 : 072D;
    4496 : 072D;
    4497 : 072D;
    4498 : 072D;
    4499 : 077C;
    4500 : 0720;
    4501 : 0720;
    4502 : 0720;
    4503 : 0720;
    4504 : 0720;
    4505 : 0720;
    4506 : 0720;
    4507 : 0720;
    4508 : 0720;
    4509 : 0720;
    4510 : 0720;
    4511 : 077C;
    4512 : 0720;
    4513 : 0745;
    4514 : 0758;
    4515 : 075F;
    4516 : 0750;
    4517 : 0743;
    4518 : 073A;
    4519 : 0720;
    4520 : 0720;
    4521 : 0720;
    4522 : 0720;
    4523 : 0720;
    4524 : 0720;
    4525 : 0720;
    4526 : 0F30;
    4527 : 0F30;
    4528 : 0F30;
    4529 : 0F30;
    4530 : 0F30;
    4531 : 0F30;
    4532 : 0F30;
    4533 : 0F30;
    4534 : 0720;
    4535 : 077C;
    4536 : 0720;
    4537 : 0720;
    4538 : 0720;
    4539 : 0720;
    4540 : 0720;
    4541 : 077C;
    4542 : 0744;
    4543 : 0761;
    4544 : 0774;
    4545 : 0761;
    4546 : 0757;
    4547 : 0772;
    4548 : 0769;
    4549 : 0774;
    4550 : 0765;
    4551 : 073A;
    4552 : 0720;
    4553 : 0F30;
    4554 : 0F30;
    4555 : 0F30;
    4556 : 0F30;
    4557 : 0F30;
    4558 : 0F30;
    4559 : 0F30;
    4560 : 0F30;
    4561 : 0720;
    4562 : 077C;
    4563 : 0720;
    4564 : 0720;
    4565 : 0720;
    4566 : 077C;
    4567 : 0758;
    4568 : 0731;
    4569 : 0739;
    4570 : 073A;
    4571 : 0720;
    4572 : 0F30;
    4573 : 0F30;
    4574 : 0F30;
    4575 : 0F30;
    4576 : 0F30;
    4577 : 0F30;
    4578 : 0F30;
    4579 : 0F30;
    4580 : 0720;
    4581 : 077C;
    4582 : 0F30;
    4583 : 0F30;
    4584 : 0F30;
    4585 : 0F30;
    4586 : 073A;
    4587 : 0720;
    4588 : 0F30;
    4589 : 0F30;
    4590 : 0F30;
    4591 : 0F30;
    4592 : 0F30;
    4593 : 0F30;
    4594 : 0F30;
    4595 : 0F30;
    4596 : 0720;
    4597 : 077C;
    4598 : 0F30;
    4599 : 0F30;
    4600 : 0F30;
    4601 : 0F30;
    4602 : 073A;
    4603 : 0720;
    4604 : 0F30;
    4605 : 0F30;
    4606 : 0F30;
    4607 : 0F30;
    4608 : 0F30;
    4609 : 0F30;
    4610 : 0F30;
    4611 : 0F30;
    4612 : 0720;
    4613 : 077C;
    4614 : 0720;
    4615 : 077C;
    4616 : 0720;
    4617 : 0730;
    4618 : 077C;
    4619 : 0731;
    4620 : 077C;
    4621 : 0730;
    4622 : 077C;
    4623 : 0731;
    4624 : 077C;
    4625 : 0720;
    4626 : 0720;
    4627 : 0753;
    4628 : 0774;
    4629 : 076F;
    4630 : 0772;
    4631 : 0765;
    4632 : 072D;
    4633 : 074C;
    4634 : 076F;
    4635 : 0761;
    4636 : 0764;
    4637 : 0720;
    4638 : 077C;
    4639 : 0720;
    4640 : 0720;
    4641 : 0720;
    4642 : 077C;
    4643 : 0748;
    4644 : 0741;
    4645 : 075A;
    4646 : 0741;
    4647 : 0752;
    4648 : 0744;
    4649 : 0753;
    4650 : 0720;
    4651 : 0753;
    4652 : 0749;
    4653 : 0747;
    4654 : 074E;
    4655 : 0741;
    4656 : 074C;
    4657 : 0753;
    4658 : 0720;
    4659 : 077C;
    4660 : 0720;
    4661 : 0720;
    4662 : 0720;
    4663 : 0720;
    4664 : 0720;
    4665 : 0720;
    4666 : 0720;
    4667 : 0720;
    4668 : 0720;
    4669 : 0720;
    4670 : 0720;
    4671 : 077C;
    4672 : 0720;
    4673 : 0745;
    4674 : 0758;
    4675 : 075F;
    4676 : 0749;
    4677 : 076E;
    4678 : 0773;
    4679 : 0774;
    4680 : 0772;
    4681 : 073A;
    4682 : 0720;
    4683 : 0720;
    4684 : 0720;
    4685 : 0720;
    4686 : 0F30;
    4687 : 0F30;
    4688 : 0F30;
    4689 : 0F30;
    4690 : 0F30;
    4691 : 0F30;
    4692 : 0F30;
    4693 : 0F30;
    4694 : 0720;
    4695 : 077C;
    4696 : 0720;
    4697 : 0720;
    4698 : 0720;
    4699 : 0720;
    4700 : 0720;
    4701 : 077C;
    4702 : 0744;
    4703 : 0761;
    4704 : 0774;
    4705 : 0761;
    4706 : 0752;
    4707 : 0765;
    4708 : 0761;
    4709 : 0764;
    4710 : 073A;
    4711 : 0720;
    4712 : 0720;
    4713 : 0F30;
    4714 : 0F30;
    4715 : 0F30;
    4716 : 0F30;
    4717 : 0F30;
    4718 : 0F30;
    4719 : 0F30;
    4720 : 0F30;
    4721 : 0720;
    4722 : 077C;
    4723 : 0720;
    4724 : 0720;
    4725 : 0720;
    4726 : 077C;
    4727 : 0758;
    4728 : 0732;
    4729 : 0730;
    4730 : 073A;
    4731 : 0720;
    4732 : 0F30;
    4733 : 0F30;
    4734 : 0F30;
    4735 : 0F30;
    4736 : 0F30;
    4737 : 0F30;
    4738 : 0F30;
    4739 : 0F30;
    4740 : 0720;
    4741 : 077C;
    4742 : 0F30;
    4743 : 0F30;
    4744 : 0F30;
    4745 : 0F30;
    4746 : 073A;
    4747 : 0720;
    4748 : 0F30;
    4749 : 0F30;
    4750 : 0F30;
    4751 : 0F30;
    4752 : 0F30;
    4753 : 0F30;
    4754 : 0F30;
    4755 : 0F30;
    4756 : 0720;
    4757 : 077C;
    4758 : 0F30;
    4759 : 0F30;
    4760 : 0F30;
    4761 : 0F30;
    4762 : 073A;
    4763 : 0720;
    4764 : 0F30;
    4765 : 0F30;
    4766 : 0F30;
    4767 : 0F30;
    4768 : 0F30;
    4769 : 0F30;
    4770 : 0F30;
    4771 : 0F30;
    4772 : 0720;
    4773 : 077C;
    4774 : 0720;
    4775 : 077C;
    4776 : 0720;
    4777 : 0730;
    4778 : 077C;
    4779 : 0731;
    4780 : 077C;
    4781 : 0731;
    4782 : 077C;
    4783 : 0730;
    4784 : 077C;
    4785 : 0720;
    4786 : 0720;
    4787 : 0720;
    4788 : 0720;
    4789 : 0720;
    4790 : 0720;
    4791 : 0720;
    4792 : 0720;
    4793 : 0720;
    4794 : 0720;
    4795 : 0720;
    4796 : 0720;
    4797 : 0720;
    4798 : 077C;
    4799 : 0720;
    4800 : 0720;
    4801 : 0720;
    4802 : 077C;
    4803 : 072D;
    4804 : 072D;
    4805 : 072D;
    4806 : 072D;
    4807 : 072D;
    4808 : 072D;
    4809 : 072D;
    4810 : 072D;
    4811 : 072D;
    4812 : 072D;
    4813 : 072D;
    4814 : 072D;
    4815 : 072D;
    4816 : 072D;
    4817 : 072D;
    4818 : 072D;
    4819 : 077C;
    4820 : 0720;
    4821 : 0720;
    4822 : 0720;
    4823 : 0720;
    4824 : 0720;
    4825 : 0720;
    4826 : 0720;
    4827 : 0720;
    4828 : 0720;
    4829 : 0720;
    4830 : 0720;
    4831 : 077C;
    4832 : 0720;
    4833 : 0745;
    4834 : 0758;
    4835 : 075F;
    4836 : 0772;
    4837 : 0773;
    4838 : 0731;
    4839 : 075F;
    4840 : 0764;
    4841 : 0761;
    4842 : 0774;
    4843 : 0761;
    4844 : 073A;
    4845 : 0720;
    4846 : 0F30;
    4847 : 0F30;
    4848 : 0F30;
    4849 : 0F30;
    4850 : 0F30;
    4851 : 0F30;
    4852 : 0F30;
    4853 : 0F30;
    4854 : 0720;
    4855 : 077C;
    4856 : 0720;
    4857 : 0720;
    4858 : 0720;
    4859 : 0720;
    4860 : 0720;
    4861 : 077C;
    4862 : 0744;
    4863 : 074D;
    4864 : 0743;
    4865 : 0774;
    4866 : 0772;
    4867 : 076C;
    4868 : 073A;
    4869 : 0720;
    4870 : 0720;
    4871 : 0720;
    4872 : 0720;
    4873 : 0F30;
    4874 : 0720;
    4875 : 0720;
    4876 : 0720;
    4877 : 0720;
    4878 : 0720;
    4879 : 0720;
    4880 : 0720;
    4881 : 0720;
    4882 : 077C;
    4883 : 0720;
    4884 : 0720;
    4885 : 0720;
    4886 : 077C;
    4887 : 0758;
    4888 : 0732;
    4889 : 0731;
    4890 : 073A;
    4891 : 0720;
    4892 : 0F30;
    4893 : 0F30;
    4894 : 0F30;
    4895 : 0F30;
    4896 : 0F30;
    4897 : 0F30;
    4898 : 0F30;
    4899 : 0F30;
    4900 : 0720;
    4901 : 077C;
    4902 : 0F30;
    4903 : 0F30;
    4904 : 0F30;
    4905 : 0F30;
    4906 : 073A;
    4907 : 0720;
    4908 : 0F30;
    4909 : 0F30;
    4910 : 0F30;
    4911 : 0F30;
    4912 : 0F30;
    4913 : 0F30;
    4914 : 0F30;
    4915 : 0F30;
    4916 : 0720;
    4917 : 077C;
    4918 : 0F30;
    4919 : 0F30;
    4920 : 0F30;
    4921 : 0F30;
    4922 : 073A;
    4923 : 0720;
    4924 : 0F30;
    4925 : 0F30;
    4926 : 0F30;
    4927 : 0F30;
    4928 : 0F30;
    4929 : 0F30;
    4930 : 0F30;
    4931 : 0F30;
    4932 : 0720;
    4933 : 077C;
    4934 : 0720;
    4935 : 077C;
    4936 : 0720;
    4937 : 0730;
    4938 : 077C;
    4939 : 0731;
    4940 : 077C;
    4941 : 0731;
    4942 : 077C;
    4943 : 0731;
    4944 : 077C;
    4945 : 0720;
    4946 : 0720;
    4947 : 0720;
    4948 : 0720;
    4949 : 0720;
    4950 : 0720;
    4951 : 0720;
    4952 : 0720;
    4953 : 0720;
    4954 : 0720;
    4955 : 0720;
    4956 : 0720;
    4957 : 0720;
    4958 : 077C;
    4959 : 0720;
    4960 : 0720;
    4961 : 0720;
    4962 : 077C;
    4963 : 0753;
    4964 : 0774;
    4965 : 0761;
    4966 : 076C;
    4967 : 076C;
    4968 : 073A;
    4969 : 0720;
    4970 : 0720;
    4971 : 0720;
    4972 : 0720;
    4973 : 0720;
    4974 : 0720;
    4975 : 0720;
    4976 : 0720;
    4977 : 0F30;
    4978 : 0720;
    4979 : 077C;
    4980 : 0720;
    4981 : 0720;
    4982 : 0720;
    4983 : 0720;
    4984 : 0720;
    4985 : 0720;
    4986 : 0720;
    4987 : 0720;
    4988 : 0720;
    4989 : 0720;
    4990 : 0720;
    4991 : 077C;
    4992 : 0720;
    4993 : 0745;
    4994 : 0758;
    4995 : 075F;
    4996 : 0772;
    4997 : 0773;
    4998 : 0732;
    4999 : 075F;
    5000 : 0764;
    5001 : 0761;
    5002 : 0774;
    5003 : 0761;
    5004 : 073A;
    5005 : 0720;
    5006 : 0F30;
    5007 : 0F30;
    5008 : 0F30;
    5009 : 0F30;
    5010 : 0F30;
    5011 : 0F30;
    5012 : 0F30;
    5013 : 0F30;
    5014 : 0720;
    5015 : 077C;
    5016 : 0720;
    5017 : 0720;
    5018 : 0720;
    5019 : 0720;
    5020 : 0720;
    5021 : 077C;
    5022 : 0744;
    5023 : 074D;
    5024 : 0757;
    5025 : 0772;
    5026 : 073A;
    5027 : 0720;
    5028 : 0720;
    5029 : 0720;
    5030 : 0720;
    5031 : 0720;
    5032 : 0720;
    5033 : 0F30;
    5034 : 0720;
    5035 : 0720;
    5036 : 0720;
    5037 : 0720;
    5038 : 0720;
    5039 : 0720;
    5040 : 0720;
    5041 : 0720;
    5042 : 077C;
    5043 : 0720;
    5044 : 0720;
    5045 : 0720;
    5046 : 077C;
    5047 : 0758;
    5048 : 0732;
    5049 : 0732;
    5050 : 073A;
    5051 : 0720;
    5052 : 0F30;
    5053 : 0F30;
    5054 : 0F30;
    5055 : 0F30;
    5056 : 0F30;
    5057 : 0F30;
    5058 : 0F30;
    5059 : 0F30;
    5060 : 0720;
    5061 : 077C;
    5062 : 0F30;
    5063 : 0F30;
    5064 : 0F30;
    5065 : 0F30;
    5066 : 073A;
    5067 : 0720;
    5068 : 0F30;
    5069 : 0F30;
    5070 : 0F30;
    5071 : 0F30;
    5072 : 0F30;
    5073 : 0F30;
    5074 : 0F30;
    5075 : 0F30;
    5076 : 0720;
    5077 : 077C;
    5078 : 0F30;
    5079 : 0F30;
    5080 : 0F30;
    5081 : 0F30;
    5082 : 073A;
    5083 : 0720;
    5084 : 0F30;
    5085 : 0F30;
    5086 : 0F30;
    5087 : 0F30;
    5088 : 0F30;
    5089 : 0F30;
    5090 : 0F30;
    5091 : 0F30;
    5092 : 0720;
    5093 : 077C;
    5094 : 0720;
    5095 : 077C;
    5096 : 0720;
    5097 : 0731;
    5098 : 077C;
    5099 : 0730;
    5100 : 077C;
    5101 : 0730;
    5102 : 077C;
    5103 : 0730;
    5104 : 077C;
    5105 : 0720;
    5106 : 0720;
    5107 : 0720;
    5108 : 0720;
    5109 : 0720;
    5110 : 0720;
    5111 : 0720;
    5112 : 0720;
    5113 : 0720;
    5114 : 0720;
    5115 : 0720;
    5116 : 0720;
    5117 : 0720;
    5118 : 077C;
    5119 : 0720;
    5120 : 0720;
    5121 : 0720;
    5122 : 077C;
    5123 : 074C;
    5124 : 076F;
    5125 : 0761;
    5126 : 0764;
    5127 : 0755;
    5128 : 0773;
    5129 : 0765;
    5130 : 073A;
    5131 : 0720;
    5132 : 0720;
    5133 : 0720;
    5134 : 0720;
    5135 : 0720;
    5136 : 0720;
    5137 : 0F30;
    5138 : 0720;
    5139 : 077C;
    5140 : 0720;
    5141 : 0720;
    5142 : 0720;
    5143 : 0720;
    5144 : 0720;
    5145 : 0720;
    5146 : 0720;
    5147 : 0720;
    5148 : 0720;
    5149 : 0720;
    5150 : 0720;
    5151 : 077C;
    5152 : 0720;
    5153 : 0745;
    5154 : 0758;
    5155 : 075F;
    5156 : 0769;
    5157 : 076D;
    5158 : 076D;
    5159 : 073A;
    5160 : 0720;
    5161 : 0720;
    5162 : 0720;
    5163 : 0720;
    5164 : 0720;
    5165 : 0720;
    5166 : 0F30;
    5167 : 0F30;
    5168 : 0F30;
    5169 : 0F30;
    5170 : 0F30;
    5171 : 0F30;
    5172 : 0F30;
    5173 : 0F30;
    5174 : 0720;
    5175 : 077C;
    5176 : 0720;
    5177 : 0720;
    5178 : 0720;
    5179 : 0720;
    5180 : 0720;
    5181 : 077C;
    5182 : 072D;
    5183 : 072D;
    5184 : 072D;
    5185 : 072D;
    5186 : 072D;
    5187 : 072D;
    5188 : 072D;
    5189 : 072D;
    5190 : 072D;
    5191 : 072D;
    5192 : 072D;
    5193 : 072D;
    5194 : 072D;
    5195 : 072D;
    5196 : 072D;
    5197 : 072D;
    5198 : 072D;
    5199 : 072D;
    5200 : 072D;
    5201 : 072D;
    5202 : 077C;
    5203 : 0720;
    5204 : 0720;
    5205 : 0720;
    5206 : 077C;
    5207 : 0758;
    5208 : 0732;
    5209 : 0733;
    5210 : 073A;
    5211 : 0720;
    5212 : 0F30;
    5213 : 0F30;
    5214 : 0F30;
    5215 : 0F30;
    5216 : 0F30;
    5217 : 0F30;
    5218 : 0F30;
    5219 : 0F30;
    5220 : 0720;
    5221 : 077C;
    5222 : 0F30;
    5223 : 0F30;
    5224 : 0F30;
    5225 : 0F30;
    5226 : 073A;
    5227 : 0720;
    5228 : 0F30;
    5229 : 0F30;
    5230 : 0F30;
    5231 : 0F30;
    5232 : 0F30;
    5233 : 0F30;
    5234 : 0F30;
    5235 : 0F30;
    5236 : 0720;
    5237 : 077C;
    5238 : 0F30;
    5239 : 0F30;
    5240 : 0F30;
    5241 : 0F30;
    5242 : 073A;
    5243 : 0720;
    5244 : 0F30;
    5245 : 0F30;
    5246 : 0F30;
    5247 : 0F30;
    5248 : 0F30;
    5249 : 0F30;
    5250 : 0F30;
    5251 : 0F30;
    5252 : 0720;
    5253 : 077C;
    5254 : 0720;
    5255 : 077C;
    5256 : 0720;
    5257 : 0731;
    5258 : 077C;
    5259 : 0730;
    5260 : 077C;
    5261 : 0730;
    5262 : 077C;
    5263 : 0731;
    5264 : 077C;
    5265 : 0720;
    5266 : 0720;
    5267 : 0720;
    5268 : 0720;
    5269 : 0720;
    5270 : 0720;
    5271 : 0720;
    5272 : 0720;
    5273 : 0720;
    5274 : 0720;
    5275 : 0720;
    5276 : 0720;
    5277 : 0720;
    5278 : 077C;
    5279 : 0720;
    5280 : 0720;
    5281 : 0720;
    5282 : 077C;
    5283 : 0742;
    5284 : 0772;
    5285 : 0761;
    5286 : 076E;
    5287 : 0763;
    5288 : 0768;
    5289 : 0746;
    5290 : 076C;
    5291 : 0775;
    5292 : 0773;
    5293 : 0768;
    5294 : 073A;
    5295 : 0720;
    5296 : 0720;
    5297 : 0F30;
    5298 : 0720;
    5299 : 077C;
    5300 : 0720;
    5301 : 0720;
    5302 : 0720;
    5303 : 0720;
    5304 : 0720;
    5305 : 0720;
    5306 : 0720;
    5307 : 0720;
    5308 : 0720;
    5309 : 0720;
    5310 : 0720;
    5311 : 077C;
    5312 : 072D;
    5313 : 072D;
    5314 : 072D;
    5315 : 072D;
    5316 : 072D;
    5317 : 072D;
    5318 : 072D;
    5319 : 072D;
    5320 : 072D;
    5321 : 072D;
    5322 : 072D;
    5323 : 075E;
    5324 : 072D;
    5325 : 072D;
    5326 : 072D;
    5327 : 072D;
    5328 : 072D;
    5329 : 072D;
    5330 : 072D;
    5331 : 072D;
    5332 : 072D;
    5333 : 072D;
    5334 : 072D;
    5335 : 077C;
    5336 : 0720;
    5337 : 0720;
    5338 : 0720;
    5339 : 0720;
    5340 : 0720;
    5341 : 0720;
    5342 : 0720;
    5343 : 0720;
    5344 : 0720;
    5345 : 0720;
    5346 : 0720;
    5347 : 0720;
    5348 : 0720;
    5349 : 0720;
    5350 : 0720;
    5351 : 0720;
    5352 : 075E;
    5353 : 0720;
    5354 : 0720;
    5355 : 0720;
    5356 : 0720;
    5357 : 0720;
    5358 : 0720;
    5359 : 0720;
    5360 : 0720;
    5361 : 0720;
    5362 : 0720;
    5363 : 0720;
    5364 : 0720;
    5365 : 0720;
    5366 : 077C;
    5367 : 0758;
    5368 : 0732;
    5369 : 0734;
    5370 : 073A;
    5371 : 0720;
    5372 : 0F30;
    5373 : 0F30;
    5374 : 0F30;
    5375 : 0F30;
    5376 : 0F30;
    5377 : 0F30;
    5378 : 0F30;
    5379 : 0F30;
    5380 : 0720;
    5381 : 077C;
    5382 : 0F30;
    5383 : 0F30;
    5384 : 0F30;
    5385 : 0F30;
    5386 : 073A;
    5387 : 0720;
    5388 : 0F30;
    5389 : 0F30;
    5390 : 0F30;
    5391 : 0F30;
    5392 : 0F30;
    5393 : 0F30;
    5394 : 0F30;
    5395 : 0F30;
    5396 : 0720;
    5397 : 077C;
    5398 : 0F30;
    5399 : 0F30;
    5400 : 0F30;
    5401 : 0F30;
    5402 : 073A;
    5403 : 0720;
    5404 : 0F30;
    5405 : 0F30;
    5406 : 0F30;
    5407 : 0F30;
    5408 : 0F30;
    5409 : 0F30;
    5410 : 0F30;
    5411 : 0F30;
    5412 : 0720;
    5413 : 077C;
    5414 : 0720;
    5415 : 077C;
    5416 : 0720;
    5417 : 0731;
    5418 : 077C;
    5419 : 0730;
    5420 : 077C;
    5421 : 0731;
    5422 : 077C;
    5423 : 0730;
    5424 : 077C;
    5425 : 0720;
    5426 : 0720;
    5427 : 0720;
    5428 : 0720;
    5429 : 0720;
    5430 : 0720;
    5431 : 0720;
    5432 : 0720;
    5433 : 0720;
    5434 : 0720;
    5435 : 0720;
    5436 : 0720;
    5437 : 0720;
    5438 : 077C;
    5439 : 0720;
    5440 : 0720;
    5441 : 0720;
    5442 : 077C;
    5443 : 0754;
    5444 : 0772;
    5445 : 0761;
    5446 : 0770;
    5447 : 0746;
    5448 : 076C;
    5449 : 0775;
    5450 : 0773;
    5451 : 0768;
    5452 : 073A;
    5453 : 0720;
    5454 : 0720;
    5455 : 0720;
    5456 : 0720;
    5457 : 0F30;
    5458 : 0720;
    5459 : 077C;
    5460 : 0720;
    5461 : 0720;
    5462 : 0720;
    5463 : 0720;
    5464 : 0720;
    5465 : 0720;
    5466 : 0720;
    5467 : 0720;
    5468 : 0720;
    5469 : 0720;
    5470 : 0720;
    5471 : 0720;
    5472 : 0720;
    5473 : 0720;
    5474 : 0720;
    5475 : 0720;
    5476 : 0720;
    5477 : 0720;
    5478 : 0720;
    5479 : 0720;
    5480 : 0720;
    5481 : 0720;
    5482 : 0720;
    5483 : 077C;
    5484 : 0720;
    5485 : 0720;
    5486 : 0720;
    5487 : 0720;
    5488 : 0720;
    5489 : 0720;
    5490 : 0720;
    5491 : 0720;
    5492 : 0720;
    5493 : 0720;
    5494 : 0720;
    5495 : 0720;
    5496 : 0720;
    5497 : 0720;
    5498 : 0720;
    5499 : 0720;
    5500 : 0720;
    5501 : 0720;
    5502 : 0720;
    5503 : 0720;
    5504 : 0720;
    5505 : 0720;
    5506 : 0720;
    5507 : 0720;
    5508 : 0720;
    5509 : 0720;
    5510 : 0720;
    5511 : 0720;
    5512 : 077C;
    5513 : 0720;
    5514 : 0720;
    5515 : 0720;
    5516 : 0720;
    5517 : 0720;
    5518 : 0720;
    5519 : 0720;
    5520 : 0720;
    5521 : 0720;
    5522 : 0720;
    5523 : 0720;
    5524 : 0720;
    5525 : 0720;
    5526 : 077C;
    5527 : 0758;
    5528 : 0732;
    5529 : 0735;
    5530 : 073A;
    5531 : 0720;
    5532 : 0F30;
    5533 : 0F30;
    5534 : 0F30;
    5535 : 0F30;
    5536 : 0F30;
    5537 : 0F30;
    5538 : 0F30;
    5539 : 0F30;
    5540 : 0720;
    5541 : 077C;
    5542 : 0F30;
    5543 : 0F30;
    5544 : 0F30;
    5545 : 0F30;
    5546 : 073A;
    5547 : 0720;
    5548 : 0F30;
    5549 : 0F30;
    5550 : 0F30;
    5551 : 0F30;
    5552 : 0F30;
    5553 : 0F30;
    5554 : 0F30;
    5555 : 0F30;
    5556 : 0720;
    5557 : 077C;
    5558 : 0F30;
    5559 : 0F30;
    5560 : 0F30;
    5561 : 0F30;
    5562 : 073A;
    5563 : 0720;
    5564 : 0F30;
    5565 : 0F30;
    5566 : 0F30;
    5567 : 0F30;
    5568 : 0F30;
    5569 : 0F30;
    5570 : 0F30;
    5571 : 0F30;
    5572 : 0720;
    5573 : 077C;
    5574 : 0720;
    5575 : 077C;
    5576 : 0720;
    5577 : 0731;
    5578 : 077C;
    5579 : 0730;
    5580 : 077C;
    5581 : 0731;
    5582 : 077C;
    5583 : 0731;
    5584 : 077C;
    5585 : 0720;
    5586 : 0720;
    5587 : 0720;
    5588 : 0720;
    5589 : 0720;
    5590 : 0720;
    5591 : 0720;
    5592 : 0720;
    5593 : 0720;
    5594 : 0720;
    5595 : 0720;
    5596 : 0720;
    5597 : 0720;
    5598 : 077C;
    5599 : 0720;
    5600 : 0720;
    5601 : 0720;
    5602 : 077C;
    5603 : 0746;
    5604 : 076C;
    5605 : 0775;
    5606 : 0773;
    5607 : 0768;
    5608 : 073A;
    5609 : 0720;
    5610 : 0720;
    5611 : 0720;
    5612 : 0720;
    5613 : 0720;
    5614 : 0720;
    5615 : 0720;
    5616 : 0720;
    5617 : 0F30;
    5618 : 0720;
    5619 : 077C;
    5620 : 0720;
    5621 : 0720;
    5622 : 0720;
    5623 : 0720;
    5624 : 0720;
    5625 : 0720;
    5626 : 0720;
    5627 : 0720;
    5628 : 0720;
    5629 : 0720;
    5630 : 0720;
    5631 : 0720;
    5632 : 0720;
    5633 : 0720;
    5634 : 0720;
    5635 : 0720;
    5636 : 0720;
    5637 : 0720;
    5638 : 0720;
    5639 : 0720;
    5640 : 0720;
    5641 : 0720;
    5642 : 0720;
    5643 : 077C;
    5644 : 0720;
    5645 : 0720;
    5646 : 0720;
    5647 : 0720;
    5648 : 0720;
    5649 : 0720;
    5650 : 0720;
    5651 : 0720;
    5652 : 0720;
    5653 : 0720;
    5654 : 0720;
    5655 : 0720;
    5656 : 0720;
    5657 : 0720;
    5658 : 0720;
    5659 : 0720;
    5660 : 0720;
    5661 : 0720;
    5662 : 0720;
    5663 : 0720;
    5664 : 0720;
    5665 : 0720;
    5666 : 0720;
    5667 : 0720;
    5668 : 0720;
    5669 : 0720;
    5670 : 0720;
    5671 : 0720;
    5672 : 077C;
    5673 : 0720;
    5674 : 0720;
    5675 : 0720;
    5676 : 0720;
    5677 : 0720;
    5678 : 0720;
    5679 : 0720;
    5680 : 0720;
    5681 : 0720;
    5682 : 0720;
    5683 : 0720;
    5684 : 0720;
    5685 : 0720;
    5686 : 077C;
    5687 : 0758;
    5688 : 0732;
    5689 : 0736;
    5690 : 073A;
    5691 : 0720;
    5692 : 0F30;
    5693 : 0F30;
    5694 : 0F30;
    5695 : 0F30;
    5696 : 0F30;
    5697 : 0F30;
    5698 : 0F30;
    5699 : 0F30;
    5700 : 0720;
    5701 : 077C;
    5702 : 0F30;
    5703 : 0F30;
    5704 : 0F30;
    5705 : 0F30;
    5706 : 073A;
    5707 : 0720;
    5708 : 0F30;
    5709 : 0F30;
    5710 : 0F30;
    5711 : 0F30;
    5712 : 0F30;
    5713 : 0F30;
    5714 : 0F30;
    5715 : 0F30;
    5716 : 0720;
    5717 : 077C;
    5718 : 0F30;
    5719 : 0F30;
    5720 : 0F30;
    5721 : 0F30;
    5722 : 073A;
    5723 : 0720;
    5724 : 0F30;
    5725 : 0F30;
    5726 : 0F30;
    5727 : 0F30;
    5728 : 0F30;
    5729 : 0F30;
    5730 : 0F30;
    5731 : 0F30;
    5732 : 0720;
    5733 : 077C;
    5734 : 0720;
    5735 : 077C;
    5736 : 0720;
    5737 : 0731;
    5738 : 077C;
    5739 : 0731;
    5740 : 077C;
    5741 : 0730;
    5742 : 077C;
    5743 : 0730;
    5744 : 077C;
    5745 : 0720;
    5746 : 0720;
    5747 : 0720;
    5748 : 0720;
    5749 : 0720;
    5750 : 0720;
    5751 : 0720;
    5752 : 0720;
    5753 : 0720;
    5754 : 0720;
    5755 : 0720;
    5756 : 0720;
    5757 : 0720;
    5758 : 077C;
    5759 : 0720;
    5760 : 0720;
    5761 : 0720;
    5762 : 077C;
    5763 : 072D;
    5764 : 072D;
    5765 : 072D;
    5766 : 072D;
    5767 : 072D;
    5768 : 072D;
    5769 : 072D;
    5770 : 072D;
    5771 : 072D;
    5772 : 072D;
    5773 : 072D;
    5774 : 072D;
    5775 : 072D;
    5776 : 072D;
    5777 : 072D;
    5778 : 072D;
    5779 : 077C;
    5780 : 0720;
    5781 : 0720;
    5782 : 0720;
    5783 : 0720;
    5784 : 0720;
    5785 : 0720;
    5786 : 0720;
    5787 : 0720;
    5788 : 0720;
    5789 : 0720;
    5790 : 0720;
    5791 : 0720;
    5792 : 0720;
    5793 : 0720;
    5794 : 0720;
    5795 : 0720;
    5796 : 0720;
    5797 : 0720;
    5798 : 0720;
    5799 : 0720;
    5800 : 0720;
    5801 : 0720;
    5802 : 0720;
    5803 : 0776;
    5804 : 0720;
    5805 : 0720;
    5806 : 0720;
    5807 : 0720;
    5808 : 0720;
    5809 : 0720;
    5810 : 0720;
    5811 : 0720;
    5812 : 0720;
    5813 : 0720;
    5814 : 0720;
    5815 : 0720;
    5816 : 0720;
    5817 : 0720;
    5818 : 0720;
    5819 : 0720;
    5820 : 0720;
    5821 : 0720;
    5822 : 0720;
    5823 : 0720;
    5824 : 0720;
    5825 : 0720;
    5826 : 0720;
    5827 : 0720;
    5828 : 0720;
    5829 : 0720;
    5830 : 0720;
    5831 : 0720;
    5832 : 077C;
    5833 : 0720;
    5834 : 0720;
    5835 : 0720;
    5836 : 0720;
    5837 : 0720;
    5838 : 0720;
    5839 : 0720;
    5840 : 0720;
    5841 : 0720;
    5842 : 0720;
    5843 : 0720;
    5844 : 0720;
    5845 : 0720;
    5846 : 077C;
    5847 : 0758;
    5848 : 0732;
    5849 : 0737;
    5850 : 073A;
    5851 : 0720;
    5852 : 0F30;
    5853 : 0F30;
    5854 : 0F30;
    5855 : 0F30;
    5856 : 0F30;
    5857 : 0F30;
    5858 : 0F30;
    5859 : 0F30;
    5860 : 0720;
    5861 : 077C;
    5862 : 0F30;
    5863 : 0F30;
    5864 : 0F30;
    5865 : 0F30;
    5866 : 073A;
    5867 : 0720;
    5868 : 0F30;
    5869 : 0F30;
    5870 : 0F30;
    5871 : 0F30;
    5872 : 0F30;
    5873 : 0F30;
    5874 : 0F30;
    5875 : 0F30;
    5876 : 0720;
    5877 : 077C;
    5878 : 0F30;
    5879 : 0F30;
    5880 : 0F30;
    5881 : 0F30;
    5882 : 073A;
    5883 : 0720;
    5884 : 0F30;
    5885 : 0F30;
    5886 : 0F30;
    5887 : 0F30;
    5888 : 0F30;
    5889 : 0F30;
    5890 : 0F30;
    5891 : 0F30;
    5892 : 0720;
    5893 : 077C;
    5894 : 0720;
    5895 : 077C;
    5896 : 0720;
    5897 : 0731;
    5898 : 077C;
    5899 : 0731;
    5900 : 077C;
    5901 : 0730;
    5902 : 077C;
    5903 : 0731;
    5904 : 077C;
    5905 : 0720;
    5906 : 0720;
    5907 : 0720;
    5908 : 0720;
    5909 : 0720;
    5910 : 0720;
    5911 : 0720;
    5912 : 0720;
    5913 : 0720;
    5914 : 0720;
    5915 : 0720;
    5916 : 0720;
    5917 : 0720;
    5918 : 077C;
    5919 : 0720;
    5920 : 0720;
    5921 : 0720;
    5922 : 0720;
    5923 : 0720;
    5924 : 0720;
    5925 : 0720;
    5926 : 0720;
    5927 : 0720;
    5928 : 0720;
    5929 : 0720;
    5930 : 0720;
    5931 : 0720;
    5932 : 0720;
    5933 : 0720;
    5934 : 0720;
    5935 : 0720;
    5936 : 0720;
    5937 : 0720;
    5938 : 0720;
    5939 : 0720;
    5940 : 0720;
    5941 : 0720;
    5942 : 0720;
    5943 : 0720;
    5944 : 0720;
    5945 : 0720;
    5946 : 0720;
    5947 : 0720;
    5948 : 0720;
    5949 : 0720;
    5950 : 0720;
    5951 : 077C;
    5952 : 072D;
    5953 : 072D;
    5954 : 072D;
    5955 : 072D;
    5956 : 072D;
    5957 : 072D;
    5958 : 072D;
    5959 : 072D;
    5960 : 072D;
    5961 : 072D;
    5962 : 072D;
    5963 : 072D;
    5964 : 072D;
    5965 : 072D;
    5966 : 072D;
    5967 : 072D;
    5968 : 072D;
    5969 : 072D;
    5970 : 072D;
    5971 : 072D;
    5972 : 072D;
    5973 : 072D;
    5974 : 077C;
    5975 : 0720;
    5976 : 0720;
    5977 : 0720;
    5978 : 0720;
    5979 : 0720;
    5980 : 077C;
    5981 : 072D;
    5982 : 072D;
    5983 : 072D;
    5984 : 072D;
    5985 : 072D;
    5986 : 072D;
    5987 : 072D;
    5988 : 072D;
    5989 : 072D;
    5990 : 072D;
    5991 : 072D;
    5992 : 072D;
    5993 : 072D;
    5994 : 072D;
    5995 : 072D;
    5996 : 072D;
    5997 : 072D;
    5998 : 072D;
    5999 : 072D;
    6000 : 072D;
    6001 : 072D;
    6002 : 072D;
    6003 : 072D;
    6004 : 077C;
    6005 : 0720;
    6006 : 077C;
    6007 : 0758;
    6008 : 0732;
    6009 : 0738;
    6010 : 073A;
    6011 : 0720;
    6012 : 0F30;
    6013 : 0F30;
    6014 : 0F30;
    6015 : 0F30;
    6016 : 0F30;
    6017 : 0F30;
    6018 : 0F30;
    6019 : 0F30;
    6020 : 0720;
    6021 : 077C;
    6022 : 0F30;
    6023 : 0F30;
    6024 : 0F30;
    6025 : 0F30;
    6026 : 073A;
    6027 : 0720;
    6028 : 0F30;
    6029 : 0F30;
    6030 : 0F30;
    6031 : 0F30;
    6032 : 0F30;
    6033 : 0F30;
    6034 : 0F30;
    6035 : 0F30;
    6036 : 0720;
    6037 : 077C;
    6038 : 0F30;
    6039 : 0F30;
    6040 : 0F30;
    6041 : 0F30;
    6042 : 073A;
    6043 : 0720;
    6044 : 0F30;
    6045 : 0F30;
    6046 : 0F30;
    6047 : 0F30;
    6048 : 0F30;
    6049 : 0F30;
    6050 : 0F30;
    6051 : 0F30;
    6052 : 0720;
    6053 : 077C;
    6054 : 0720;
    6055 : 077C;
    6056 : 0720;
    6057 : 0731;
    6058 : 077C;
    6059 : 0731;
    6060 : 077C;
    6061 : 0731;
    6062 : 077C;
    6063 : 0730;
    6064 : 077C;
    6065 : 0720;
    6066 : 0720;
    6067 : 0720;
    6068 : 0720;
    6069 : 0720;
    6070 : 0720;
    6071 : 0720;
    6072 : 0720;
    6073 : 0720;
    6074 : 0720;
    6075 : 0720;
    6076 : 0720;
    6077 : 0720;
    6078 : 077C;
    6079 : 0720;
    6080 : 0720;
    6081 : 0720;
    6082 : 0720;
    6083 : 0720;
    6084 : 0720;
    6085 : 0720;
    6086 : 0720;
    6087 : 0720;
    6088 : 0720;
    6089 : 0720;
    6090 : 0720;
    6091 : 0720;
    6092 : 0720;
    6093 : 0720;
    6094 : 0720;
    6095 : 0720;
    6096 : 0720;
    6097 : 0720;
    6098 : 0720;
    6099 : 0720;
    6100 : 0720;
    6101 : 0720;
    6102 : 0720;
    6103 : 0720;
    6104 : 0720;
    6105 : 0720;
    6106 : 0720;
    6107 : 0720;
    6108 : 0720;
    6109 : 0720;
    6110 : 0720;
    6111 : 077C;
    6112 : 0745;
    6113 : 0758;
    6114 : 0745;
    6115 : 0743;
    6116 : 0755;
    6117 : 0754;
    6118 : 0745;
    6119 : 0720;
    6120 : 0728;
    6121 : 0745;
    6122 : 0758;
    6123 : 0729;
    6124 : 0720;
    6125 : 0720;
    6126 : 0720;
    6127 : 0720;
    6128 : 0720;
    6129 : 0720;
    6130 : 0720;
    6131 : 0720;
    6132 : 0720;
    6133 : 0720;
    6134 : 077C;
    6135 : 0720;
    6136 : 0720;
    6137 : 0720;
    6138 : 0720;
    6139 : 0720;
    6140 : 077C;
    6141 : 0745;
    6142 : 0758;
    6143 : 072F;
    6144 : 074D;
    6145 : 0745;
    6146 : 074D;
    6147 : 0720;
    6148 : 0720;
    6149 : 0720;
    6150 : 0720;
    6151 : 0720;
    6152 : 0720;
    6153 : 0720;
    6154 : 0720;
    6155 : 0720;
    6156 : 0720;
    6157 : 0720;
    6158 : 0720;
    6159 : 0720;
    6160 : 0720;
    6161 : 0720;
    6162 : 0720;
    6163 : 0720;
    6164 : 077C;
    6165 : 0720;
    6166 : 077C;
    6167 : 0758;
    6168 : 0732;
    6169 : 0739;
    6170 : 073A;
    6171 : 0720;
    6172 : 0F30;
    6173 : 0F30;
    6174 : 0F30;
    6175 : 0F30;
    6176 : 0F30;
    6177 : 0F30;
    6178 : 0F30;
    6179 : 0F30;
    6180 : 0720;
    6181 : 077C;
    6182 : 0F30;
    6183 : 0F30;
    6184 : 0F30;
    6185 : 0F30;
    6186 : 073A;
    6187 : 0720;
    6188 : 0F30;
    6189 : 0F30;
    6190 : 0F30;
    6191 : 0F30;
    6192 : 0F30;
    6193 : 0F30;
    6194 : 0F30;
    6195 : 0F30;
    6196 : 0720;
    6197 : 077C;
    6198 : 0F30;
    6199 : 0F30;
    6200 : 0F30;
    6201 : 0F30;
    6202 : 073A;
    6203 : 0720;
    6204 : 0F30;
    6205 : 0F30;
    6206 : 0F30;
    6207 : 0F30;
    6208 : 0F30;
    6209 : 0F30;
    6210 : 0F30;
    6211 : 0F30;
    6212 : 0720;
    6213 : 077C;
    6214 : 0720;
    6215 : 077C;
    6216 : 0720;
    6217 : 0731;
    6218 : 077C;
    6219 : 0731;
    6220 : 077C;
    6221 : 0731;
    6222 : 077C;
    6223 : 0731;
    6224 : 077C;
    6225 : 0720;
    6226 : 0720;
    6227 : 0720;
    6228 : 0720;
    6229 : 0720;
    6230 : 0720;
    6231 : 0720;
    6232 : 0720;
    6233 : 0720;
    6234 : 0720;
    6235 : 0720;
    6236 : 0720;
    6237 : 0720;
    6238 : 077C;
    6239 : 0720;
    6240 : 0720;
    6241 : 0720;
    6242 : 0720;
    6243 : 0720;
    6244 : 0720;
    6245 : 0720;
    6246 : 0720;
    6247 : 0720;
    6248 : 0720;
    6249 : 0720;
    6250 : 0720;
    6251 : 0720;
    6252 : 0720;
    6253 : 0720;
    6254 : 0720;
    6255 : 0720;
    6256 : 0720;
    6257 : 0720;
    6258 : 0720;
    6259 : 0720;
    6260 : 0720;
    6261 : 0720;
    6262 : 0720;
    6263 : 0720;
    6264 : 0720;
    6265 : 0720;
    6266 : 0720;
    6267 : 0720;
    6268 : 0720;
    6269 : 0720;
    6270 : 0720;
    6271 : 077C;
    6272 : 072D;
    6273 : 072D;
    6274 : 072D;
    6275 : 072D;
    6276 : 072D;
    6277 : 072D;
    6278 : 072D;
    6279 : 072D;
    6280 : 072D;
    6281 : 072D;
    6282 : 072D;
    6283 : 072D;
    6284 : 072D;
    6285 : 072D;
    6286 : 072D;
    6287 : 072D;
    6288 : 072D;
    6289 : 072D;
    6290 : 072D;
    6291 : 072D;
    6292 : 072D;
    6293 : 072D;
    6294 : 077C;
    6295 : 0720;
    6296 : 0720;
    6297 : 0720;
    6298 : 0720;
    6299 : 0720;
    6300 : 077C;
    6301 : 072D;
    6302 : 072D;
    6303 : 072D;
    6304 : 072D;
    6305 : 072D;
    6306 : 072D;
    6307 : 072D;
    6308 : 072D;
    6309 : 072D;
    6310 : 072D;
    6311 : 072D;
    6312 : 072D;
    6313 : 072D;
    6314 : 072D;
    6315 : 072D;
    6316 : 072D;
    6317 : 072D;
    6318 : 072D;
    6319 : 072D;
    6320 : 072D;
    6321 : 072D;
    6322 : 072D;
    6323 : 072D;
    6324 : 077C;
    6325 : 0720;
    6326 : 077C;
    6327 : 0758;
    6328 : 0733;
    6329 : 0730;
    6330 : 073A;
    6331 : 0720;
    6332 : 0F30;
    6333 : 0F30;
    6334 : 0F30;
    6335 : 0F30;
    6336 : 0F30;
    6337 : 0F30;
    6338 : 0F30;
    6339 : 0F30;
    6340 : 0720;
    6341 : 077C;
    6342 : 0F30;
    6343 : 0F30;
    6344 : 0F30;
    6345 : 0F30;
    6346 : 073A;
    6347 : 0720;
    6348 : 0F30;
    6349 : 0F30;
    6350 : 0F30;
    6351 : 0F30;
    6352 : 0F30;
    6353 : 0F30;
    6354 : 0F30;
    6355 : 0F30;
    6356 : 0720;
    6357 : 077C;
    6358 : 0F30;
    6359 : 0F30;
    6360 : 0F30;
    6361 : 0F30;
    6362 : 073A;
    6363 : 0720;
    6364 : 0F30;
    6365 : 0F30;
    6366 : 0F30;
    6367 : 0F30;
    6368 : 0F30;
    6369 : 0F30;
    6370 : 0F30;
    6371 : 0F30;
    6372 : 0720;
    6373 : 077C;
    6374 : 0720;
    6375 : 077C;
    6376 : 072D;
    6377 : 072D;
    6378 : 072D;
    6379 : 072D;
    6380 : 072D;
    6381 : 072D;
    6382 : 072D;
    6383 : 072D;
    6384 : 072D;
    6385 : 072D;
    6386 : 072D;
    6387 : 072D;
    6388 : 072D;
    6389 : 072D;
    6390 : 072D;
    6391 : 072D;
    6392 : 072D;
    6393 : 072D;
    6394 : 072D;
    6395 : 072D;
    6396 : 072D;
    6397 : 072D;
    6398 : 077C;
    6399 : 0720;
    6400 : 0720;
    6401 : 0720;
    6402 : 0720;
    6403 : 0720;
    6404 : 0720;
    6405 : 0720;
    6406 : 0720;
    6407 : 0720;
    6408 : 0720;
    6409 : 0720;
    6410 : 0720;
    6411 : 0720;
    6412 : 0720;
    6413 : 0720;
    6414 : 0720;
    6415 : 0720;
    6416 : 0720;
    6417 : 0720;
    6418 : 0720;
    6419 : 0720;
    6420 : 0720;
    6421 : 0720;
    6422 : 0720;
    6423 : 0720;
    6424 : 0720;
    6425 : 0720;
    6426 : 0720;
    6427 : 0720;
    6428 : 0720;
    6429 : 0720;
    6430 : 0720;
    6431 : 077C;
    6432 : 0741;
    6433 : 074C;
    6434 : 0755;
    6435 : 0741;
    6436 : 073A;
    6437 : 0720;
    6438 : 0720;
    6439 : 0720;
    6440 : 0F30;
    6441 : 0F30;
    6442 : 0F30;
    6443 : 0F30;
    6444 : 0F30;
    6445 : 0F30;
    6446 : 0F30;
    6447 : 0F30;
    6448 : 0720;
    6449 : 0720;
    6450 : 0720;
    6451 : 0720;
    6452 : 0720;
    6453 : 0720;
    6454 : 077C;
    6455 : 0720;
    6456 : 0720;
    6457 : 0720;
    6458 : 0720;
    6459 : 0720;
    6460 : 077C;
    6461 : 0720;
    6462 : 074D;
    6463 : 0745;
    6464 : 074D;
    6465 : 075F;
    6466 : 0741;
    6467 : 074C;
    6468 : 0755;
    6469 : 0741;
    6470 : 073A;
    6471 : 0720;
    6472 : 0720;
    6473 : 0720;
    6474 : 0720;
    6475 : 0F30;
    6476 : 0F30;
    6477 : 0F30;
    6478 : 0F30;
    6479 : 0F30;
    6480 : 0F30;
    6481 : 0F30;
    6482 : 0F30;
    6483 : 0720;
    6484 : 077C;
    6485 : 0720;
    6486 : 077C;
    6487 : 0758;
    6488 : 0733;
    6489 : 0731;
    6490 : 073A;
    6491 : 0720;
    6492 : 0F30;
    6493 : 0F30;
    6494 : 0F30;
    6495 : 0F30;
    6496 : 0F30;
    6497 : 0F30;
    6498 : 0F30;
    6499 : 0F30;
    6500 : 0720;
    6501 : 077C;
    6502 : 0F30;
    6503 : 0F30;
    6504 : 0F30;
    6505 : 0F30;
    6506 : 073A;
    6507 : 0720;
    6508 : 0F30;
    6509 : 0F30;
    6510 : 0F30;
    6511 : 0F30;
    6512 : 0F30;
    6513 : 0F30;
    6514 : 0F30;
    6515 : 0F30;
    6516 : 0720;
    6517 : 077C;
    6518 : 0F30;
    6519 : 0F30;
    6520 : 0F30;
    6521 : 0F30;
    6522 : 073A;
    6523 : 0720;
    6524 : 0F30;
    6525 : 0F30;
    6526 : 0F30;
    6527 : 0F30;
    6528 : 0F30;
    6529 : 0F30;
    6530 : 0F30;
    6531 : 0F30;
    6532 : 0720;
    6533 : 077C;
    6534 : 0720;
    6535 : 0720;
    6536 : 0720;
    6537 : 0720;
    6538 : 0720;
    6539 : 0720;
    6540 : 0720;
    6541 : 0720;
    6542 : 0720;
    6543 : 0720;
    6544 : 0720;
    6545 : 0720;
    6546 : 0720;
    6547 : 0720;
    6548 : 0720;
    6549 : 0720;
    6550 : 0720;
    6551 : 0720;
    6552 : 0720;
    6553 : 0720;
    6554 : 0720;
    6555 : 0720;
    6556 : 0720;
    6557 : 0720;
    6558 : 0720;
    6559 : 0720;
    6560 : 0720;
    6561 : 0720;
    6562 : 0720;
    6563 : 0720;
    6564 : 0720;
    6565 : 0720;
    6566 : 0720;
    6567 : 0720;
    6568 : 0720;
    6569 : 0720;
    6570 : 0720;
    6571 : 0720;
    6572 : 0720;
    6573 : 0720;
    6574 : 0720;
    6575 : 0720;
    6576 : 0720;
    6577 : 0720;
    6578 : 0720;
    6579 : 0720;
    6580 : 0720;
    6581 : 0720;
    6582 : 0720;
    6583 : 0720;
    6584 : 0720;
    6585 : 0720;
    6586 : 0720;
    6587 : 0720;
    6588 : 0720;
    6589 : 0720;
    6590 : 0720;
    6591 : 077C;
    6592 : 0741;
    6593 : 074C;
    6594 : 0755;
    6595 : 0742;
    6596 : 073A;
    6597 : 0720;
    6598 : 0720;
    6599 : 0720;
    6600 : 0F30;
    6601 : 0F30;
    6602 : 0F30;
    6603 : 0F30;
    6604 : 0F30;
    6605 : 0F30;
    6606 : 0F30;
    6607 : 0F30;
    6608 : 0720;
    6609 : 0720;
    6610 : 0720;
    6611 : 0720;
    6612 : 0720;
    6613 : 0720;
    6614 : 077C;
    6615 : 0720;
    6616 : 0720;
    6617 : 0720;
    6618 : 0720;
    6619 : 0720;
    6620 : 077C;
    6621 : 0720;
    6622 : 074D;
    6623 : 0745;
    6624 : 074D;
    6625 : 075F;
    6626 : 0741;
    6627 : 074C;
    6628 : 0755;
    6629 : 0742;
    6630 : 073A;
    6631 : 0720;
    6632 : 0720;
    6633 : 0720;
    6634 : 0720;
    6635 : 0F30;
    6636 : 0F30;
    6637 : 0F30;
    6638 : 0F30;
    6639 : 0F30;
    6640 : 0F30;
    6641 : 0F30;
    6642 : 0F30;
    6643 : 0720;
    6644 : 077C;
    6645 : 0720;
    6646 : 077C;
    6647 : 072D;
    6648 : 072D;
    6649 : 072D;
    6650 : 072D;
    6651 : 072D;
    6652 : 072D;
    6653 : 072D;
    6654 : 072D;
    6655 : 072D;
    6656 : 072D;
    6657 : 072D;
    6658 : 072D;
    6659 : 072D;
    6660 : 072D;
    6661 : 077C;
    6662 : 072D;
    6663 : 072D;
    6664 : 072D;
    6665 : 072D;
    6666 : 072D;
    6667 : 072D;
    6668 : 072D;
    6669 : 072D;
    6670 : 072D;
    6671 : 072D;
    6672 : 072D;
    6673 : 072D;
    6674 : 072D;
    6675 : 072D;
    6676 : 072D;
    6677 : 077C;
    6678 : 072D;
    6679 : 072D;
    6680 : 072D;
    6681 : 072D;
    6682 : 072D;
    6683 : 072D;
    6684 : 072D;
    6685 : 072D;
    6686 : 072D;
    6687 : 072D;
    6688 : 072D;
    6689 : 072D;
    6690 : 072D;
    6691 : 072D;
    6692 : 072D;
    6693 : 077C;
    6694 : 0720;
    6695 : 0720;
    6696 : 0720;
    6697 : 0720;
    6698 : 0720;
    6699 : 0720;
    6700 : 0720;
    6701 : 0720;
    6702 : 0720;
    6703 : 0720;
    6704 : 0720;
    6705 : 0720;
    6706 : 0720;
    6707 : 0720;
    6708 : 0720;
    6709 : 0720;
    6710 : 0720;
    6711 : 0720;
    6712 : 0720;
    6713 : 0720;
    6714 : 0720;
    6715 : 0720;
    6716 : 0720;
    6717 : 0720;
    6718 : 0720;
    6719 : 0720;
    6720 : 0720;
    6721 : 0720;
    6722 : 0720;
    6723 : 0720;
    6724 : 0720;
    6725 : 0720;
    6726 : 0720;
    6727 : 0720;
    6728 : 0720;
    6729 : 0720;
    6730 : 0720;
    6731 : 0720;
    6732 : 0720;
    6733 : 0720;
    6734 : 0720;
    6735 : 0720;
    6736 : 0720;
    6737 : 0720;
    6738 : 0720;
    6739 : 0720;
    6740 : 0720;
    6741 : 0720;
    6742 : 0720;
    6743 : 0720;
    6744 : 0720;
    6745 : 0720;
    6746 : 0720;
    6747 : 0720;
    6748 : 0720;
    6749 : 0720;
    6750 : 0720;
    6751 : 077C;
    6752 : 0741;
    6753 : 074C;
    6754 : 0755;
    6755 : 0752;
    6756 : 0765;
    6757 : 0773;
    6758 : 073A;
    6759 : 0720;
    6760 : 0F30;
    6761 : 0F30;
    6762 : 0F30;
    6763 : 0F30;
    6764 : 0F30;
    6765 : 0F30;
    6766 : 0F30;
    6767 : 0F30;
    6768 : 0720;
    6769 : 0720;
    6770 : 0720;
    6771 : 0720;
    6772 : 0720;
    6773 : 0720;
    6774 : 077C;
    6775 : 072D;
    6776 : 072D;
    6777 : 072D;
    6778 : 072D;
    6779 : 073E;
    6780 : 077C;
    6781 : 0720;
    6782 : 0745;
    6783 : 0758;
    6784 : 075F;
    6785 : 0741;
    6786 : 074C;
    6787 : 0755;
    6788 : 0752;
    6789 : 0765;
    6790 : 0773;
    6791 : 073A;
    6792 : 0720;
    6793 : 0720;
    6794 : 0720;
    6795 : 0F30;
    6796 : 0F30;
    6797 : 0F30;
    6798 : 0F30;
    6799 : 0F30;
    6800 : 0F30;
    6801 : 0F30;
    6802 : 0F30;
    6803 : 0720;
    6804 : 077C;
    6805 : 0720;
    6806 : 0720;
    6807 : 0720;
    6808 : 0720;
    6809 : 0720;
    6810 : 0720;
    6811 : 0720;
    6812 : 0720;
    6813 : 0720;
    6814 : 0720;
    6815 : 0720;
    6816 : 0720;
    6817 : 0720;
    6818 : 0720;
    6819 : 0720;
    6820 : 0720;
    6821 : 0720;
    6822 : 0720;
    6823 : 0720;
    6824 : 0720;
    6825 : 0720;
    6826 : 0720;
    6827 : 0720;
    6828 : 0720;
    6829 : 0720;
    6830 : 0720;
    6831 : 0720;
    6832 : 0720;
    6833 : 0720;
    6834 : 0720;
    6835 : 0720;
    6836 : 0720;
    6837 : 0720;
    6838 : 0720;
    6839 : 0720;
    6840 : 0720;
    6841 : 0720;
    6842 : 0720;
    6843 : 0720;
    6844 : 0720;
    6845 : 0720;
    6846 : 0720;
    6847 : 0720;
    6848 : 0720;
    6849 : 0720;
    6850 : 0720;
    6851 : 0720;
    6852 : 0720;
    6853 : 0720;
    6854 : 0720;
    6855 : 0720;
    6856 : 0720;
    6857 : 0720;
    6858 : 0720;
    6859 : 0720;
    6860 : 0720;
    6861 : 0720;
    6862 : 0720;
    6863 : 0720;
    6864 : 0720;
    6865 : 0720;
    6866 : 0720;
    6867 : 0720;
    6868 : 0720;
    6869 : 0720;
    6870 : 0720;
    6871 : 0720;
    6872 : 0720;
    6873 : 0720;
    6874 : 0720;
    6875 : 0720;
    6876 : 0720;
    6877 : 0720;
    6878 : 0720;
    6879 : 0720;
    6880 : 0720;
    6881 : 0720;
    6882 : 0720;
    6883 : 0720;
    6884 : 0720;
    6885 : 0720;
    6886 : 0720;
    6887 : 0720;
    6888 : 0720;
    6889 : 0720;
    6890 : 0720;
    6891 : 0720;
    6892 : 0720;
    6893 : 0720;
    6894 : 0720;
    6895 : 0720;
    6896 : 0720;
    6897 : 0720;
    6898 : 0720;
    6899 : 0720;
    6900 : 0720;
    6901 : 0720;
    6902 : 0720;
    6903 : 0720;
    6904 : 0720;
    6905 : 0720;
    6906 : 0720;
    6907 : 0720;
    6908 : 0720;
    6909 : 0720;
    6910 : 0720;
    6911 : 077C;
    6912 : 0720;
    6913 : 0720;
    6914 : 0720;
    6915 : 0720;
    6916 : 0720;
    6917 : 0720;
    6918 : 0720;
    6919 : 0720;
    6920 : 0720;
    6921 : 0720;
    6922 : 0720;
    6923 : 0720;
    6924 : 0720;
    6925 : 0720;
    6926 : 0720;
    6927 : 0720;
    6928 : 0720;
    6929 : 0720;
    6930 : 0720;
    6931 : 0720;
    6932 : 0720;
    6933 : 0720;
    6934 : 077C;
    6935 : 0720;
    6936 : 0720;
    6937 : 0720;
    6938 : 0720;
    6939 : 0720;
    6940 : 077C;
    6941 : 0720;
    6942 : 074D;
    6943 : 0745;
    6944 : 074D;
    6945 : 075F;
    6946 : 0749;
    6947 : 076E;
    6948 : 0773;
    6949 : 0774;
    6950 : 0772;
    6951 : 073A;
    6952 : 0720;
    6953 : 0720;
    6954 : 0720;
    6955 : 0F30;
    6956 : 0F30;
    6957 : 0F30;
    6958 : 0F30;
    6959 : 0F30;
    6960 : 0F30;
    6961 : 0F30;
    6962 : 0F30;
    6963 : 0720;
    6964 : 077C;
    6965 : 0720;
    6966 : 0720;
    6967 : 0720;
    6968 : 0720;
    6969 : 0720;
    6970 : 0720;
    6971 : 0720;
    6972 : 0720;
    6973 : 0720;
    6974 : 0720;
    6975 : 0720;
    6976 : 0720;
    6977 : 077C;
    6978 : 072D;
    6979 : 072D;
    6980 : 072D;
    6981 : 072D;
    6982 : 072D;
    6983 : 072D;
    6984 : 072D;
    6985 : 072D;
    6986 : 072D;
    6987 : 072D;
    6988 : 072D;
    6989 : 072D;
    6990 : 072D;
    6991 : 072D;
    6992 : 072D;
    6993 : 072D;
    6994 : 072D;
    6995 : 072D;
    6996 : 072D;
    6997 : 072D;
    6998 : 072D;
    6999 : 072D;
    7000 : 072D;
    7001 : 072D;
    7002 : 072D;
    7003 : 072D;
    7004 : 072D;
    7005 : 072D;
    7006 : 072D;
    7007 : 072D;
    7008 : 072D;
    7009 : 077C;
    7010 : 0720;
    7011 : 0720;
    7012 : 0720;
    7013 : 0720;
    7014 : 0720;
    7015 : 0720;
    7016 : 0720;
    7017 : 0720;
    7018 : 0720;
    7019 : 0720;
    7020 : 0720;
    7021 : 0720;
    7022 : 0720;
    7023 : 0720;
    7024 : 0720;
    7025 : 0720;
    7026 : 0720;
    7027 : 0720;
    7028 : 0720;
    7029 : 0720;
    7030 : 0720;
    7031 : 0720;
    7032 : 0720;
    7033 : 0720;
    7034 : 0720;
    7035 : 0720;
    7036 : 0720;
    7037 : 0720;
    7038 : 0720;
    7039 : 0720;
    7040 : 0720;
    7041 : 0720;
    7042 : 0720;
    7043 : 0720;
    7044 : 0720;
    7045 : 0720;
    7046 : 0720;
    7047 : 0720;
    7048 : 0720;
    7049 : 0720;
    7050 : 0720;
    7051 : 0720;
    7052 : 0720;
    7053 : 0720;
    7054 : 0720;
    7055 : 0720;
    7056 : 0720;
    7057 : 0720;
    7058 : 0720;
    7059 : 0720;
    7060 : 0720;
    7061 : 0720;
    7062 : 0720;
    7063 : 0720;
    7064 : 0720;
    7065 : 0720;
    7066 : 0720;
    7067 : 0720;
    7068 : 0720;
    7069 : 0720;
    7070 : 0720;
    7071 : 077C;
    7072 : 0741;
    7073 : 074C;
    7074 : 0755;
    7075 : 074F;
    7076 : 0770;
    7077 : 073A;
    7078 : 0720;
    7079 : 0F30;
    7080 : 0F30;
    7081 : 0720;
    7082 : 0720;
    7083 : 0742;
    7084 : 0752;
    7085 : 074F;
    7086 : 0770;
    7087 : 073A;
    7088 : 0720;
    7089 : 0F30;
    7090 : 0F30;
    7091 : 0720;
    7092 : 0720;
    7093 : 0720;
    7094 : 077C;
    7095 : 0720;
    7096 : 0720;
    7097 : 0720;
    7098 : 0720;
    7099 : 0720;
    7100 : 077C;
    7101 : 0720;
    7102 : 074D;
    7103 : 0745;
    7104 : 074D;
    7105 : 075F;
    7106 : 0742;
    7107 : 0772;
    7108 : 0761;
    7109 : 076E;
    7110 : 0763;
    7111 : 0768;
    7112 : 073A;
    7113 : 0720;
    7114 : 0720;
    7115 : 0F30;
    7116 : 0720;
    7117 : 0720;
    7118 : 0720;
    7119 : 0720;
    7120 : 0720;
    7121 : 0720;
    7122 : 0720;
    7123 : 0720;
    7124 : 077C;
    7125 : 0720;
    7126 : 0720;
    7127 : 0720;
    7128 : 0720;
    7129 : 0720;
    7130 : 0720;
    7131 : 0720;
    7132 : 0720;
    7133 : 0720;
    7134 : 0720;
    7135 : 0720;
    7136 : 0720;
    7137 : 077C;
    7138 : 0743;
    7139 : 076F;
    7140 : 0775;
    7141 : 076E;
    7142 : 0774;
    7143 : 0765;
    7144 : 0772;
    7145 : 0773;
    7146 : 0720;
    7147 : 0720;
    7148 : 0720;
    7149 : 0720;
    7150 : 0720;
    7151 : 0720;
    7152 : 0720;
    7153 : 0720;
    7154 : 0720;
    7155 : 0720;
    7156 : 0720;
    7157 : 0720;
    7158 : 0720;
    7159 : 0720;
    7160 : 0720;
    7161 : 0720;
    7162 : 0720;
    7163 : 0720;
    7164 : 0720;
    7165 : 0720;
    7166 : 0720;
    7167 : 0720;
    7168 : 0720;
    7169 : 077C;
    7170 : 0720;
    7171 : 0720;
    7172 : 0720;
    7173 : 0720;
    7174 : 0720;
    7175 : 0720;
    7176 : 0720;
    7177 : 0720;
    7178 : 0720;
    7179 : 0720;
    7180 : 0720;
    7181 : 0720;
    7182 : 0720;
    7183 : 0720;
    7184 : 0720;
    7185 : 0720;
    7186 : 0720;
    7187 : 0720;
    7188 : 0720;
    7189 : 0720;
    7190 : 0720;
    7191 : 0720;
    7192 : 0720;
    7193 : 0720;
    7194 : 0720;
    7195 : 0720;
    7196 : 0720;
    7197 : 0720;
    7198 : 0720;
    7199 : 0720;
END;
